카페 이름,카페 주소,위도,경도,블로그내용
바늘이야기 연희점,서울특별시 서대문구 연희로11가길 15,37.5674563,126.9291304,"제1의 취미 여행
[바늘이야기 연희점] 뜨개질 전문 매장, 뜨개 카페.
전통보리차 ・ 2025. 7. 18. 13:55
URL 복사 이웃추가
본문 기타 기능
위치바늘이야기 연희점
6/12.
뜨개(수집)인으로서 예전부터 꼭 가보고싶었던
바늘이야기 카페에 다녀왔다.
홍대 나들이 나간김에 연희점으로 다녀왔는데
파주점도 가보고싶긴하다.
바늘이야기 연희점.
4층 건물을 통째로 쓰고있다.
뜨개용품 샵과 스튜디오, 카페도 운영하고 있어서
뜨개인들에게는 그야말로 성지인데
아쉽게도 주차장이 없다.
심지어 이 주변에 주차장 찾기도 너무 어려웠다.
들어서자마자 한 면이 실로 꽉 채워진 인테리어.
뜨개인들에게는 그야말로 최고의 인테리어되겠다.
완성된 뜨개 제품도 판매하고 있다.
이 작품을 뜨기 위해 사용된 실과 도안, 소요량까지
태그 달려있어서 좋다.
물론. 저는 못뜨지만요. ㅋ
손으로 직접 실의 질감과 재질도 느껴보고
구매할 수 있다는게 가장 매력적이었다.
벽면에 가득한 다양한 실 구경이 가장 재미있었다.
뜨개초보라서 대체 무슨실을 사야할 지를 모르는게
가장 아쉬웠지만.
고급스러운 캐시미어실부터
조금더 쉽게 뜨개질에 입문할 수 있는
수세미실과 면실까지 종류와 컬러가 다양했다.
다양한 대바늘 스와치♡
나 이거 언제 다 가능하게 되는걸까.
다양한 바늘 종류들도 구매 가능하다.
코바늘에 빠져서 코바늘은 많이 들였는데..
이제 대바늘 차례인가요.
종류가 무궁무진해서 힘들구나.
눈돌아가는 다양한 부자재들.
우리도 여기까지 갔으니 무언가 하나 사서
2층 카페에 올라가 바늘을 잡아보기로 했다.
간단한 키링 만들기 키트부터
작은 소품과 가방까지 만들 수 있는 diy키트도 있다.
코바늘과 대바늘에 입문할 수 있는 세트도 판매.
실과 바늘, 도안을 따로따로 구매하는 것보다
가격대가 있는 편이었지만
대바늘을 시작해볼까 하는 마음에 구매했다.
대바늘 키트를 구매헤서 2층 카페로 올라갔다.
자리가 많은 편인데도 사람이 더 많아서 만석이다.
카페 내의 모든 사람들이 뜨개질에 집중하고있어서
우리도 자연스럽게 뜨개질에 몰두 할 수 있었다.
다양한 연령대와 성별의 사람들이 있어서
그야말로 단체 카뜨. 너무 좋다.
메뉴.
간단한 브런치와 디저트 메뉴도 있었다.
야외에도 테이블이 있었는데
햇빛과 공기가 너무 뜨거워서 앉을 수는 없었다.
봄이나 가을에 앉아서 뜨개하면
반나절 이상도 뜨개할 수 있을 듯.
아메리카노. (5,500원 *2)
둘이서 파스타를 3개나 사먹고 갔더니
너무 배불러서 디저트는 못시켰다.
아메리카노도 진하고 맛있었는데
배불러서 간신히 먹었네. ㅎㅎ
대바늘 세트로 대바늘 독학 시작.
겉뜨기 안뜨기 메리야스뜨기까지
한 번 (간신히) 떠보았다.
사실 공방에 한 번 나갔었는데
대바늘 겉뜨기만 몇 십줄 뜨고 진도를 못뺐는데
이 작은책 한 권으로 약간의 진도가 나갔다.
심지어 대바늘 도안보는 법도 우리가 터득했다는.
그런데
대바늘 도안은 대체 왜그렇게 어려운거예여?
키링을 완성.했다고 해두고싶다.
조금 복잡하고 주차가 어렵긴 했지만
뜨개용품도 구매할 수 있고
카페에서 바로 뜨개질해 볼 수도 있고.
심지어 친구도 사귈 수 있는 색다른 곳이었다.
그런데 기이한 건,
이 이후로 전혀 바늘을 안잡고 있다는 거. 왜지.
50m
© NAVER Corp.
바늘이야기 연희점
서울특별시 서대문구 연희로11가길 15
태그
#바늘이야기
#바늘이야기연희점
#바늘이야기연희점주차
#바늘이야기카페
#카페바늘이야기
#홍대바늘이야기
#홍대데이트
#홍대뜨개질
#홍대뜨개질카페
#홍대뜨개질소품샵
#바늘이야기쇼핑
공감 5
이 글에 공감한 블로거 열고 닫기
댓글 1
이 글에 댓글 단 블로거 열고 닫기
블로그 보내기
카페 보내기
Keep 보내기
메모 보내기
기타 보내기 펼치기





인쇄"
바늘이야기 연희점,서울특별시 서대문구 연희로11가길 15,37.5674563,126.9291304,"PLACE
홍대 혼자놀기 바늘이야기 연희점 초보도 가능한 뜨개카페 주차
얌지얌 ・ 2024. 9. 7. 11:00
URL 복사 이웃추가
본문 기타 기능
위치바늘이야기 연희점
나는 뜨개질 초보이지만
세이브더칠드런 모자뜨기도하고
티코스터떠서 선물도 하고
목도리도 몇번 떠본 나름 뜨개 관심러 (?)
내가 뜨개질 깔짝이니까
뜨개질에 미친 친구가 홍대 혼자놀기 핫플
바늘이야기 연희점 뜨개카페를 추천해줬다
코바늘 대바늘 뜨개 재료, 부자재, 도안, 카페까지
뜨개인들의 천국으로 유명한 바늘이야기 ✨
바늘이야기 연희점
[위치] 서울 서대문구 연희로11가길 15
[영업시간] 10:00-20:00
[전화번호] 02-771-9771
1. 위치/주차
연희동 바늘이야기는 홍대입구역 도보 20분으로
위치가 살짝 애매해서 마음먹고 가야한다 🤔
우리는 근처 소품샵을 같이 구경하느라
다행히 이동에 어려움은 없었지만
자차를 이용해 방문하는 경우가 많은 듯했다
바로 앞 사러가마트 사러가쇼핑센터에서
구매금액별 무료 주차를 지원해서 들를 일이 있다면
바늘이야기 주차도 가능하지만
(사러가쇼핑센터 내 옵젵상가 구매 금액도 합산 가능)
무료 시간이 짧은 편이라
요즘은 모두의주차장 어플로 근처 저렴한 주차장에
바늘이야기 주차 많이 한다고 하니 참고하세요 🚗
2. 매장
바늘이야기 연희점 매장은
1층 쇼핑 / 2층 카페 / 3층 세미나실
로 이루어져있다고 한다
보기 드문 초대형 뜨개카페 🙌
내가 방문했을 때 3층은 수업 중이라 입장이 불가했다
1층 매장 입장하자마자 보이는
어마어마한 규모의 실 전시
약간 플라잉타이거 느낌도 나고
뜨개에 진심인 사람들이 모인 것 같아 살짝 기죽음
ㅋㅋㅋㅋㅋㅋㅋ
하지만 바늘이야기 초보도 충분히 방문 가능한 게
매장 제일 앞쪽에 나같은 초보를 위한
초보 패키지가 준비되어 있어 이거 하나만 사도
처음인 사람도 충분히 뜨개를 체험할 수 있다 👌
가격도 1만원~3만원 대로 저렴한 편이고
특히 몽실이 잔디 티코스터 패키지는
코스터를 최대 8개나 뜰 수 있어 추천
홍대 혼자놀기로 유명해져서 그런지
주말에 사람이 생각보다 훨씬 많았지만
매장도 넓어서 구경하는 데 어려움은 없었다
실도 가격대, 종류별로 있고
특히 같은 분홍색이라도 엄청 다양해서
나만의 제품을 고르기 정말 좋을 것 같다
이렇게 색깔이 예쁘게 섞인 실도 있어서
색을 직접 바꾸지 않아도 알록달록하게
원하는 제품을 뜰 수 있었다
나도 얼른 뜨개질 고수가 돼서
원하는 실 조합으로 뜨개질 하고 싶어라 🥹
이렇게 도안을 따로 판매하기도 하는데
패키지가 아니라 도안만 구입하고 싶다면
이것도 좋은 선택일 것 같다
난이도 별로 나뉘어져 있고
어떤 실이 얼마나 사용되는지 상세하게 적혀있어
뜨개질 고수라면 도안만으로도
충분히 원하는 제품 DIY가 가능할 듯 ❣️
[웅진리빙하우스]김대리의 데일리 뜨개 : 누구나 쉽게 완성하는 감각적인 니트와 소품 14 - 손뜨개 | 쿠팡
쿠팡에서 4.2 구매하고 더 많은 혜택을 받으세요! 지금 할인중인 다른 22 제품도 바로 쿠팡에서 확인할 수 있습니다.
link.coupang.com
이외 바늘, 도구, 부자재, 단추까지
정말 내가 모르는 뜨개질의 세계가 정말 넓었다
바늘만해도 500원짜리부터 몇만원짜리까지
용도와 취향에 맞게 구입이 가능한 곳
바늘이야기 온라인으로 구입하면
5만원 이상 무료배송이기 때문에
필요한 제품을 소량만 구입한다면
매장에 들른 김에 구매해도 좋을 것 같다
이전에는 매장 방문 10% 할인을 해줬는데
지금은 스탬프를 찍어준다고 하니 참고하세요
✔️ 1만원 당 도장 1개,
도장 20개 모으면 다음 결제 시 15% 할인
뜨개질 초보도 홍대 혼자놀기 가능한
바늘이야기 연희점 매장 실컷 구경하고 왔다 😊
3. 카페
앞에서 살짝 언급했듯이
바늘이야기 카페도 2층에 마련되어 있었다
카페에서 뜨개질하기 살짝 눈치보일 때도 있는데
이곳은 뜨개질을 안하는 사람이 없을 정도로
뜨개인들의 천국 ㅋㅋㅋㅋㅋ
보통 매장에서 구매한 제품을 바로 사용해서
뜨개질을 하는 것 같았다 🧶
바늘이야기 카페 자리는 많은 편인데
테이블 간격이 좁은 점은 좀 아쉬웠다
테이블 좌석도 있고 소파 좌석도 있다
이날은 카페에 2-3개 테이블밖에 없을 정도로
사람이 많아서 우리는 다른 연희동 카페로 이동
아메리카노 5천원 정도 가격이고
추가 금액 없이 디카페인 변경 가능하며
텀블러 사용 시 400원 할인이 된다
바늘이야기 카페의 특별한 점은
귀여운 패스츄리 단추빵을 판매한다는 점
맛은 팥, 커스터드 두가지이고 가격은 3천원
재방문하면 바늘이야기 카페도 이용해보고 싶다 🙌
4. 온라인 쇼핑
바늘이야기
since 1998, 뜨개실 전문 송영예의 바늘이야기입니다. 수입 유럽 브랜드의 고급 뜨개실과 뜨개질 재료, DIY 세트를 온라인 쇼핑몰에서 만나보세요.
www.banul.co.kr
바늘이야기는 연희동, 파주에 매장이 있지만
온라인 스토어도 잘 되어 있어서
매장 방문이 어렵다면 온라인 구매를 추천한다 🪡
실부터 PDF도안, 패키지, 도서, 바늘도구, 부자재 등
판매 제품 라인업은 오프라인 매장과 비슷한 듯 !
바늘이야기 온라인 쇼핑몰은 매장보다
더욱 카테고리화된 제품을 볼 수 있어 좋다
바늘이야기 [DIY] 벚꽃 티코스터 코바늘뜨기 패키지(동영상) 뜨개질DIY패키지 - 기타 - 기타 | 쿠팡
쿠팡에서 4.4 구매하고 더 많은 혜택을 받으세요! 지금 할인중인 다른 7 제품도 바로 쿠팡에서 확인할 수 있습니다.
link.coupang.com
이전에 내가 선물했던 벚꽃 티코스터 🌸
코바늘뜨기 패키지이고 동영상 도안이 있어
초보도 쉽게 도전할 수 있는 패키지로 추천
이외에도 뜨개질 초보부터 고수까지
누구나 도전할 수 있는 패키지가 있으니
자유롭게 구경하고 구매해보세요 🙆‍♀️
50m
© NAVER Corp.
바늘이야기 연희점
서울특별시 서대문구 연희로11가길 15
#홍대 #홍대놀거리 #홍대혼자놀기 #홍대혼자놀거리
#홍대입구 #홍대입구역 #바늘이야기 #바늘이야기연희점
#취미 #뜨개질 #코바늘 #대바늘 #DIY #뜨개카페
이 포스팅은 쿠팡 파트너스 활동의 일환으로, 이에 따른 일정액의 수수료를 제공받습니다.
저작자 명시 필수
영리적 사용 불가
내용 변경 불가
태그
#홍대
#홍대놀거리
#홍대혼자놀기
#홍대혼자놀거리
#홍대입구
#홍대입구역
#바늘이야기
#바늘이야기연희점
#취미
#뜨개질
#코바늘
#대바늘
#DIY
#뜨개카페
공감 35
이 글에 공감한 블로거 열고 닫기
댓글 8
이 글에 댓글 단 블로거 열고 닫기
블로그 보내기
카페 보내기
Keep 보내기
메모 보내기
기타 보내기 펼치기





인쇄"
메리노,서울특별시 성동구 서울숲길 24 1층,37.5478772,127.0400156,"카페
서울숲 뜨개 카페 메리노에서의 낮술뜨개 팝업 낮술은 기분이 조크든요:)
현실적이니 ・ 2025. 6. 28. 15:31
URL 복사 이웃추가
본문 기타 기능
위치메리노
안녕하세요~~
현실적이니입니다 :)
헷..
한동안 저의 블로그가 조용했죠?
ㅋㅋㅋㅋ
잠시 놀다 왔어요.
그래서 포스팅을 쓸 수가 없었거든요.
놀러 가기 전에 카페 메리노에서
낮술 한잔 뜨개 팝업이 있어서 다녀와서
간단하게 소개 포스팅을 적어볼게요!
별다른 건 없지만
이런 카페가 있었구나~ 요 정도?
메리노
서울 성동구 서울숲 길 24 1층
영업시간 11:00 ~ 19/20/21:00
월요일, 평일, 주말 클로징 시간이 다름
뜨개인이라면 메리노의 저 벽면을
한번은 보셨을 거예요.
저도 쇼츠에서 많이 봐서
분위기는 너무나도 익숙하지만 처음 방문해 봤어요!
매장의 입구는 이곳이 아니지만
돌아가기 귀찮아서 그냥 테라스로 사진을 찍으면서 들어갔어요.
ㅋㅋㅋㅋㅋ
뜨개 카페답게 메리노의 시그니처인 양의 모습이
간판에도 그려져있더라구요.
근데 너무 웃긴 건
제가 여기 카페로 가는 길에
너무나도 뜨개인 같은 분이 계속 저와 함께 하는 거예요.
그래서 아.. 저분도 메리노를 가겠구나 했는데
진짜 메리노로 들어가시는 거 있죠.
ㅋㅋㅋㅋㅋㅋ
1층에는 이미 만석,
이렇게 많은 뜨개인을 볼 줄이야....
테라스 자리 외에는
1층의 편한 자리에는 다들 뜨개를 하고 계셨고
그룹으로 오신 분도 있고
혼뜨개를 하시는 분들도 진짜 많았어요.
자리를 잡기 위해 일단 2층으로 올라왔는데
2층도 이미 만석...
2층 입구에서는 낮술 뜨개를 주최하신
실장님이 계셔서 바로 알아보시는 거 있죠?
메리노는 1층에서 3층까지 단독으로 사용하고 있어서
자리가 없다면 3층까지 올라오셔야 하는데
1층과 2층은 비슷한 분위기이고
3층은 조금 다른 분위기예요.
다만 조금 조용하게 작업을 할 수 있는
그리고 단독 에어컨이 있어서
다른 층보다 조금 더 시원했어요.
화장실도 가까지 있어서
굳이 1층까지 안 내려가도 돼서 좋더라구요.
그리고 저기에 있는 거울이 사진이 잘 나오더라구요~
거울 셀카를 찍는 맛이 있었어요.
자리를 잡고는 주문을 하러
다시 1층으로 내려갔어요!
낮술 뜨개 팝업이라고 팝업 메뉴가 따로 있더구요.
그래서 간단한 술 음료와 미니 스낵이 준비되어 있었어요.
다만 낮술인데 맥주가 스텔라 한 종류밖에 없는 게
조금 아쉬웠는데 ㅠㅠ
카페에서 주류를 간단하게 만들기에는
하이볼, 칵테일 이런 게 더 쉽다 보니 이해는 했어요!
진짜 카페 메뉴는 보지도 않고
생맥주를 주문하고는 뜨개실을 구경했어요.
카페 인테리어로 꾸며놓은 콘사들이 가득하고
그 옆에 따로 실들도 있고
팝업용으로 판매하고 있는 실도 가득!
안쪽 팝업 공간도 있어서 구경을 할 수 있었어요.
저 헤어커치프를 만드는 DIY 패키지도 있어서
잠깐 구경을 했죠!
베베 반다나의 실물과 패키지로도 만들어 놓은 것도 있고
그 밑에는 대바늘 무료 나눔이 있어서
얇은 사이즈로 1개를 챙겼죠!
베베 반다나에 사용한 실은
에어울인데 패키지 외에 실 만도 구매가 가능했고
패키지에서 실 컬러도 변경을 할 수 있더라구요.
낮술 뜨개 팝업으로 실을 할인도 하고 있어서
집에 갈 때 하나 사 가야겠다는
굳은 결심으로!!
작년에서부터 메탈릭 실이 난리였는데
올해도 많이들 뜨고 있는 메탈 코드사.
저 메탈 코드사의 다양한 컬러는 처음 봤어요.
보통 3~4가지 컬러만 알고 있었는데
저렇게 다양한 컬러가 있었다니 ㅋㅋㅋㅋ
메탈 코드로 뷔에스티같은 나시를 떠도 생각보다 예뻐서
한번 도전해 봐도 좋을 것 같았어요!
이렇게 실을 구경하다 보니 금방 진동벨이 울리더라구요.
헷!
요기가 계단이 좀 높아서 맥주잔을 트레이에 들고
올라갔다 내려갔다 하기 힘들 것 같아서
저는 그냥 트레이 빼고 맥주와 팝콘만 챙겨서 올라왔어요!
스텔라 잔에 스텔라 맥주!
크..
이날 좀 덥고 습했는데
저 맥주 한 잔으로 아주 시원하더라구요.
맥주 한 잔을 하면서 뜨개를 하는
이 무드 너무 좋지 않나요?
뜨개를 하는데 카페에서
눈치 볼 필요 없이 할 수 있다니 너무 좋았어요!!
이런 거 왕왕하자고요:)
메리노에서 열린
수성 실도 구매하고 팝업 선물도 받고!
실도 할인받고, 사은품 실도 받았어요.
아주 실 부자가 된 기분이더라구요.
집에 갈 때 살짝 비가 내렸지만
우산이 없어서 그냥 외국인인 척 비를 맞으면서
지하철역으로 갔어요.
ㅋㅋㅋㅋㅋㅋ
50m
© NAVER Corp.
메리노
서울특별시 성동구 서울숲길 24 1층
* 내돈 내먹, 맥주도 한잔하고 실도 사고 헷 :D *
본 포스팅의 사진, 글, 영상 등의 모든 저작권은
블로거 '현실적이니'에게 있으며,
무단 도용, 수정, 재업로드 등 불법적인 행위를 할 시
법적 처벌을 받을 수 있습니다.
#서울숲카페 #서울숲카페추천
#서울숲뜨개카페 #성수뜨개카페 #메리노
#카페메리노 #서울숲메리노 #낮술팝업 #뜨개모임
#서울뜨개카페 #낮술뜨개 #성수팝업스토어
#성수뜨개 #스위니트 #DIY뜨개
저작자 명시 필수
영리적 사용 불가
내용 변경 불가
태그
#서울숲카페
#서울숲카페추천
#서울숲뜨개카페
#성수뜨개카페
#메리노
#카페메리노
#서울숲메리노
#서울뜨개카페
#낮술뜨개
#성수팝업스토어
#성수뜨개
#스위니트
#DIY뜨개
#낮술팝업
#뜨개모임
공감 8
이 글에 공감한 블로거 열고 닫기
댓글 7
이 글에 댓글 단 블로거 열고 닫기
블로그 보내기
카페 보내기
Keep 보내기
메모 보내기
기타 보내기 펼치기





인쇄"
누뗀,서울특별시 서초구 청계산로 119 지하1층~2층,37.4537511,127.05127,"곤드레씨 단골가게
주말 체크인 - 뜨개 카페 누뗀! 여기 프랑스야??
곤드레 ・ 2024. 8. 27. 1:30
URL 복사 이웃추가
본문 기타 기능
NUTTEN
아니 세상에... 여기 한국 맞나요!!!
날씨가 화창했던 일요일, 뜨개 카페 누뗀에 다녀왔습니다.
창문의 커튼 때문에 혹시 오늘 휴무인가! 하고 잠시 놀랬었는데요 (누뗀의 휴무일은 수요일입니다)
다행히 오픈했더라고요...휴우...;;; 😚
50m
© NAVER Corp.
누뗀
서울특별시 서초구 청계산로 119 지하1층~2층
예약
휴무일 - 매주 수요일
영업시간 - 10:30-19시까지 라스트 오더 18:30분
주차 - 카페 맞은편 공터
애견 동반 가능
히힛 아직 안 들어갔어요~!!
입구 분위기 너무 좋아서 호들갑 떠느라... 아직 못 들어갔어요 ㅋㅋ
문짝 너무 이쁘잖아요~!!
입구에서 들어가서 오른쪽으로 고개를 돌리면 푸른 숲을 볼 수 있는 통창과 함께 뜨개 제품들이 가득했습니다.
자연과 맞닿아 있는 테이블과 함께 계절의 변화를 오롯이 느낄 수 있는 창이 꽤 멋져보이더라고요.
아늑함이 끝이 없구요~!!
예쁜 뜨개 제품들이 많아서 구경하다 보니 심박수 최고로 올라갔습니다.
뜨개 초보라 아직은 코바늘로 사부작사부작 거리는 게 전부지만... 대바늘 욕심이 나기 시작했고요!
아직 떠볼 수 있는 제품들이 많다는 것에 이 취미가 오래가겠구나... 하며 설레기도 했습니다.
휴우... 자리 잡고 우선 음료 좀 마셔볼게요!
오렌지필 휘낭시에와 함께 즐기는 유자 마말레이드!!!
샘플로 테이블 위에 올려져 있었는데 너무 예쁘더라고요!
약간 비주얼이 예뻐서 도전해 볼까 싶기도 했는데... 커피...가 마시고 싶었습니다.
주문할 때 모카번이... 냄새로 플러팅해서 주문할 수밖에 없었고요 ㅋㅋㅋ
소금빵도 아직은 좋아해서 츄라이! 음료는 누라떼로 주문해 보았습니다.
여기 잠봉이 미쳤다는데... 잠봉은 생각도 못했어요;;;
또 누뗀은 카더가든 채널에서 강민경 소개팅편에서도 나온 적 있었다고 하더라고요.
주문하고 다시 보이는 누뗀 인테리어 ㅋㅋㅋ 아니 증말 이 프랑스 느낌 어쩌냐고요 ㅋㅋㅋ
뜨개 좋아하시는 분들 외에도 이런 감성 좋아하시는 분들에게는 더할 나위 없이 만족스러운 공간일 것 같았어요.
그 날 찍어온 장면 중 제일 마음에 드는게 이 사진 두장인데... 이게 또 가까이에서 보면 조화더라고요 ㅋㅋ
생화인줄 알았는데 조화여서 약간 인테리어가 ""자! 프랑스 느낌 어때!"" 하고 약간 인위적으로 다가오는 느낌도 있었지만... 뭐... 흐린눈 하면 여기 프랑스지 뭐...
사진 색감 이렇게 이쁜데... 만족~!!
뜨개 제품 외에도 곰돌이 인형들도 전시 판매가 되고 있었습니다.
종이 테이프로 붙잡혀있는 곰돌이들은 의상 구경하는 재미도 꽤 쏠쏠했어요.
(지하 공간에 곰돌이 다다다닥 붙여놓은 벽은 꼭 구경해보세요)
누라떼와 빵이 나왔습니다~!!
모카번도 약간 짜서ㅋㅋㅋ 짠 빵 두개 시켜버렸...으나 사실....
뜨개질 하느라 다 먹지도 못했어요
최근에 완성한 실버 네트백입니다.
얇은 실버 네트실이 아닌 두껍고 폭신한 실로 네트백을 떴는데 리본까지 예쁘게 묶어보았고요~!!
요걸 선물하려고 가져갔었어요. (예쁘다고 좋아해줘서 너무 기뻤고용~)
근데 또 이렇게 직접 만든 레몬 키링을 선물받기도 했습니다.
너무 쌍콤하고 실물이 더 귀여웠어요.
(제일 잘 만들어진것을 선물 받았답니다)
일요일이라 오후 시간 되니 손님들도 많았고
앉아있다 보니 아동복 촬영도 하고;;; 정신없어서 좀 일찍 나오긴 했는데 나중에 좀 더 한가할 때 방문해서 뜨개 키트도 구매하고 여유롭게 뜨개질도 하다 오고 싶었어요.
오늘의 포스팅은 여기까지!
저작자 명시 필수
영리적 사용 불가
내용 변경 불가
태그
#뜨개카페
#누뗀
#청계산카페
#청계산입구카페
#양재
#카페
#뜨개로그
#뜨개질
#코바늘
#실버네트백
#레몬키링
#강민경카페
#카더가든소개팅
공감 13
이 글에 공감한 블로거 열고 닫기
댓글 9
이 글에 댓글 단 블로거 열고 닫기
블로그 보내기
카페 보내기
Keep 보내기
메모 보내기
기타 보내기 펼치기





인쇄"
메리노,서울특별시 성동구 서울숲길 24 1층,37.5478772,127.0400156,"[피드메이커 2기] 여행
성수 카페 추천 메리노 애견동반 가능 뜨개 취미 즐겨
백호커플 ・ 2025. 7. 3. 16:24
URL 복사 이웃추가
본문 기타 기능
위치메리노
성수 카페 추천
애견동반 가능한 메리노
트렌디한 곳이 많아서 좋았던 서울 여행!
팝업의 메카, 성수에서 발견한 이색 카페
그냥 지나칠 수 있었지만 지인이 가보고 싶었다고
해서 들어갔다가 반하고 온 뜨개 카페, 메리노
뜨개질이 테마가 된 감성 성수 카페 추천
폰 충전, 노트북 사용하면서 조용하게
머물 수 있고, 뜨개질도 가능한 실내핫플!
색감 예쁜 이케아 쇼파형 의자로 깔려있는데,
알록달록한 색감도 예쁘고 착석감이 좋아요~
제가 눈여겨보고 있던 이케아 의자인데,
앉으면 편안해서 일어나기 싫을 정도거든요ㅎㅎ
이렇게 색상이 다양한 것도 몰랐는데,
색깔 다양하게 갖추고 있어서 예쁘더라고요!
성수에 가까이 사는 동생을 만나
지나가면서 본 곳인데 궁금해서 가보자는 말에
외관에서는 사실 내부 인테리어를 기대안했거든요
그런데 이런 느좋카페가 다 있나 싶어요!
메리노 카페 영업시간
월요일 오전 11시 ~ 오후 7시
화~금 오전 11시 ~ 오후 8시
토, 일 오전 11시 ~ 오후 9시까지 영업을
하더라고요~ 애견 동반도 가능하고,
내부가 층고 높은 1층과 2층 공간으로
나누어지면서 조용하게 커피 마시기 좋았어요!
층고가 높은 내부, 주황색, 노란색, 파란색,
초록색 색감이 예쁜 이케아 쇼파의자
그리고 색깔별로 정리되어 있는 실까지!
내부가 넓고, 우드 소재의 책장과 색상 다양한
실들이 어우러져 구경하는 재미도 있었어요~
조용한 분위기에 잔잔한 음악이 흘러나와서
편하게 책 읽으면서 시간을 보내도 좋을 듯해요!
가방 보관할 수 있는 거치대 행거가
있는데, 날씨가 더워서 쓰던 우산을 잠시
올려놨었던ㅋㅋㅋ 오랜만에 친한 동생과
만나서 성수 투어를 즐기는데, 색감으로
하루를 행복하게 보낸 거 같아요
생기 발랄한 색상들로 컬러테라피를
받은 느낌이랄까! 뜨고 있는 실내핫플
성수동 뜨개 카페로 유명한 메리노,
뜨개 실과 뜨개 해서 만든 옷과 소품도
판매하고 있더라고요ㅎㅎ
MZ 세대들에게도 유행하고 있다는 뜨개질,
취미로 뜨개 하는 분들이 모임 하는 것도
볼 수 있었어요 ㅎㅎ
뉴뉴에서 사 왔던 그로밋 인형과 함께
서울 여행 중이에요 ㅎㅎ
리뷰를 쓰다가 발견한 거지만, 쇼파의자에
참새가 똥을 싸둔 거 같네요,, 참새들이
많이 놀러 오는 느좋 성수 카페 추천!
달달한 메리노 울 크림라떼와 퀸아망
베이커리 디저트를 즐겼어요~
디저트가 대부분 솔드아웃이였는데,
다행히 퀸아망 하나 남아있었어요..!
커피와 디저트를 즐기는데, 참새가
놀러 와서 떨어진 빵조각을 먹고 가더라고요
참새도 인정한 베이커리 맛집인가 봐요 ᄒᄒ
에어컨도 시원하게 틀어 놓았지만,
입구 문을 열어 놓으셔서 참새가 들어왔어요~
서울숲 길에서 조금 벗어난 위치,
찻길이 옆에 있지만 조용한 편이였어요!
책 읽거나 취미생활하면서 시간 보내기
좋은 실내 데이트 공간, 달달한 디저트와
커피 즐기면서 수다떨기도 좋아요~
코바느질은 잘 못하지만, 일반 뜨개로
가방이나 모자, 목도리 등은 만들어봤었거든요
시간 여유로우면 취미로 좋은 거 같아요!
에어컨 풀가동 시켜서 시원한 실내에서
시간 보내기 좋았어요 ㅎㅎ
은은한 조명이 아늑한 분위기를 연출해 준
느좋 성수 카페 추천드려요!
카페 내부에 사람들이 많았는데,
뜨개질을 하면서 시간을 보내셔서
조용하게 카페에 머물 수 있었어요ㅎㅎ
서울숲도 들러보고 싶었는데, 날씨가
더워서 공원 산책은 생략을 했어요~
실내 데이트 코스만 찾아 다녀야겠더라고요
소품샵이 많아서 카페에서 커피 마시고
여기저기 둘러보다가 폰을 놓고 온걸
알고, 급하게 다시 카페로 돌아왔었어요..
다행히 직원분께서 폰을 챙겨놔서
분실하지 않고 챙겼답니다 ㅎㅎ
따로 카페 등록되어 있는 전화번호가
없어서, 인스타그램 DM을 보내긴 했었어요!
다행히 폰을 찾아서 마음 편하게 귀가했어요~
⭕성수 가볼만한곳 : 테토 소품샵
성수 가볼만한곳 소품샵 테토 수건 선물 가격 주차
성수 가볼만한곳🎁 2년 만에 팝업의 메카 성수동 나들이를 다녀왔어요~ 가고 싶던 곳 중 한 곳이 테토 플...
blog.naver.com
성수 카페 추천 메리노 애견동반 가능 뜨개 취미 즐겨
재생
3
좋아요
0
00:16

접기/펴기
성수 카페 추천 메리노 애견동반 가능 뜨개 취미 즐겨
50m
© NAVER Corp.
메리노
서울특별시 성동구 서울숲길 24 1층
태그
#성수카페추천
#성수메리노
#성수카페
#메리노
#메리노뜨개
#성수뜨개카페
#실내핫플
#뜨개카페
공감 40
이 글에 공감한 블로거 열고 닫기
댓글 17
이 글에 댓글 단 블로거 열고 닫기
블로그 보내기
카페 보내기
Keep 보내기
메모 보내기
기타 보내기 펼치기





인쇄"
제주포슬,제주특별자치도 서귀포시 대정읍 무영로228번길 17-7 제주포슬,33.2811244,126.2235554,"제주, 2411
제주 모녀여행] 제주뜨개카페 - 제주 포슬
쏭쏭 ・ 2024. 11. 12. 11:08
URL 복사 이웃추가
본문 기타 기능
#제주서쪽카페 #제주뜨개카페 #제주서쪽신상카페 #서귀포 카페
커피!를 외치며 향한 제주 포슬
제주뜨개카페라고 해서 관심이 생겼다.
나름 뜨개질 좀 하던 사람임ㅋ
약간 내륙에 있는데,
한적-한 시골 마을안에 있어서
동화속 카페 같았다.
50m
© NAVER Corp.
제주포슬
제주특별자치도 서귀포시 대정읍 무영로228번길 17-7 제주포슬
예약
귀여운 토끼궁둥이(라고 알았지만 반전이..?)
고양이가..
(길)고양이가 엄청 많았다
제주 모녀여행] 제주뜨개카페 - 제주 포슬 (1)
재생
9
좋아요
0
00:13

접기/펴기
제주 모녀여행] 제주뜨개카페 - 제주 포슬 (1)
아가냥이들이 한 7마리가 주변에 살고 있다고.
알고보니, 사장님이 어미가 아파서 한번 거둬줬더니
아가냥이 7마리를 데리고 옆에 정착해버렸다구
ㅋㅋㅋㅋㅋㅋㅋㅋㅋㅋㅋ
의도치 않은 대가족화.
진짜 무슨 동화 속에 있는 집 같았다.
현실과 완전 단절된 기분~
한쪽은 공방이고, 한쪽은 카페로 사용중이었다.
돌길 너무 귀여운것..
이것이 바로 제주만의 감성이랄까?
너무 이쁘다.
요쪽이 공방/작업실인 것 같았는데,
내가 갔을 때는 안에서 수업중이셔서 겉에서만 살짝 둘러봤다.
나중에 클래스 들으신 분 이야기 들어보니
전혀 어렵지 않고 쉽다고 하시더라.
힐링 그 자체였다고.
알쥬알쥬
이 쪽이 카페이다.
카페...너무 귀엽잖오
빨간머리앤에 나오는 앤틱한 감성이다.
안에는 얼매나 귀엽게요?
진짜 소녀감성 가득한 카페였다.
거기다 제주뜨개카페이다보니,
뜨개 소품도 아기자기 많아서 포근포근한 느낌이었다.
겨울에 제주오면 뜨개클래스 체험하러 와도 좋을 것 같았다.
겨울 제주 + 뜨개 = 힐링 그자체
화이트 + 우드톤 너무 좋아하는데
거기다 패브릭까지 더해지니
내 취향저격..!
역시 제주뜨개카페 답게 분위기가 아~주 포근하다.
참참, 여기는 글루텐프리 카페이다!!
빵순이는 빵과 케익을 무척좋아하지만
3n살이 되면서 떨어져버린 소화력...이슈로
글루텐프리만 보이면 만세만세다.
커피 종류도 특이한게 많다.
케이크도 귀염도리
뭘 먹을까 엄~청 고민하다가
밤티라미슈를 시키기로 했다.
(존맛이었음)
아니근데 카페 이름
제주포슬 진짜 너무 찰떡이다.
포슬포슬
제주뜨개카페의 아이덴티티가 그대로
포슬포슬
토끼 궁딩이와 포근한 털 조합 어떤데?
미쳤죠 힐링 자체죠
여기서 반전 공개!
사실 저 캐릭터는 토끼가 아니라고 합니다!
ㅋㅋㅋㅋㅋㅋㅋㅋㅋ
사장님네 강쥐가 비숑인데,
그 멍멍이 뒷모습이래요 ㅋㅋㅋㅋ
(모델분은 안계서서 못봄..ㅠㅠ)
다들 토끼인줄 안다구
ㅋㅋㅋㅋㅋㅋㅋㅋ
그마저 귀여워...
토끼 뒷모습의 비숑 궁둥이라니
미쳤어
동글동글 포슬포슬
제주포슬
곳곳의 소품들이 진짜 너무 귀여웠다.
이런 감성은 진짜 아무나 못낸다.
여기 동화속마을이니,
와서 뜨개체험도 하고,
디저트도 먹구 가세여
그리고 고냥이 사진
ㅋㅋㅋㅋㅋㅋㅋㅋㅋㅋㅋㅋㅋ
아니 무슨 카페가서 고양이 사진만 잔뜩 찍었어....ㅎ
제주 모녀여행] 제주뜨개카페 - 제주 포슬 (2)
재생
5
좋아요
0
00:05

접기/펴기
제주 모녀여행] 제주뜨개카페 - 제주 포슬 (2)
냥냥거리는 고양이
경계하는 고양이
아, 뒷마당도 있다.
근데 여긴 아직 뭐가 없더라.
산책하기 좋아보였다.
여기도 나중에는 뭔가를 하시겠지?
정원같은거 하면 너무 이쁘겠다...
하
취향저격당함
동생이 화장실 들어갔다가 나오면서
""언니 화장실 꼭 찍어""
라고 말함
ㅋㅋㅋㅋㅋㅋㅋㅋㅋㅋㅋㅋㅋ
아니 화장실도 빨간머리앤 그자체임
저..여기 살아도 될까요?
저도 뜨개좀 하는디요
알바생으로 어떻게 안될까유?
냥냥이를 구경하며,
밖에앉아서 먹기로 했다.
날이 그리 춥지 않아서
밖에서 먹기 딱 좋았다.
냥냥이 구경
개꿀
통창으로 안에 앉아도 좋을 것 같았다.
엄마가 밖에 앉고 싶어해서 밖으로 나왔다.
짠!!!!!!!!!
드디어 등장한 우리의 메뉴들
밤 티라미슈, 글루텐프리라서 그런지
속이 하나도 안아프고 좋았다.
달달하니 너무 맛있었음 ㅠㅠ
밤!
크림도 달달-
힝구
컵에도 그려진 제주포슬의 강쥐쓰
근데 아무리봐도 토끼잖아요
ㅋㅋㅋㅋㅋㅋㅋㅋㅋㅋㅋ
음료 준비해주시다가 와서 갑자기 요 로즈마리를 따가셨는데,
내 음료에 요롷게 꽂혀서 나왔다
헐
미쳤쥬
냐미냐미 맛있게 먹어줍니다.
진짜 순삭해버렸다.
미친 힐링 플레이스
돌길에서 식빵굽는 고양이 직관하기
제주뜨개카페 컨셉에 맞게
고양이도 포슬포슬
ㅋㅋㅋㅋㅋㅋㅋㅋㅋㅋ
사장님 얘네 고용하신건가요?
ㅋㅋㅋㅋㅋㅋㅋㅋ
진짜 너무 귀엽다
요로코롬 뜨개 관련 상품도 판매하고 계셨다.
하나 사서 해볼까 엄청 고민했는데,
다음에 와서 클래스랑 같이 듣기로 결심했다.
이번엔 엄마도 동생도 있으니까..
제주 모녀여행] 제주뜨개카페 - 제주 포슬 (3)
재생
4
좋아요
0
00:21

접기/펴기
제주 모녀여행] 제주뜨개카페 - 제주 포슬 (3)
영수증 리뷰를 하면 뽑기 이벤트를 하고 있다고 하셔서
뽑아봄
ㅎ
똥손인 나는 역시나
5등 당첨
ㅋ
근데 5등상품이 다 나갔다고 4등 드립백으로 주셨다
개이득
다음날 내려서 맛있게 잘 먹었다.
힐링 그 자체였던,
제주뜨개카페 제주포슬.
담에 요가팀이랑 제주 오게되면 또 와야겠다.
고양이도,
토끼닮은 멈머 뒷모습도,
뜨개소품들도
전부 힐링 플레이스였던 카페
사장님도 힐링 그자체였다.
뭔가 너무 착-한 느낌 그대로
헤헤 잘 놀다갑니다.
제주 모녀여행] 제주뜨개카페 - 제주 포슬 (4)
재생
0
좋아요
0
00:09

접기/펴기
제주 모녀여행] 제주뜨개카페 - 제주 포슬 (4)
마지막까지 냥이 찍기
ㅋㅋㅋㅋㅋㅋㅋㅋㅋㅋ
담에는 제주포슬의 모델분도 보고 싶네용
저작자 명시 필수
영리적 사용 불가
내용 변경 불가
태그
#제주서쪽카페
#제주뜨개카페
#제주서쪽신상카페
#서귀포
공감 7
이 글에 공감한 블로거 열고 닫기
댓글 5
이 글에 댓글 단 블로거 열고 닫기
블로그 보내기
카페 보내기
Keep 보내기
메모 보내기
기타 보내기 펼치기





인쇄"
바늘이야기 연희점,서울특별시 서대문구 연희로11가길 15,37.5674563,126.9291304,"나들이/체험전/여행
뜨개 카페 바늘이야기 연희점 나들이
크리스마스라임 ・ 2025. 5. 31. 9:26
URL 복사 이웃추가
본문 기타 기능
위치바늘이야기 연희점
얼마전 TVN의 '이혼보험'이라는 드라마를 아주 재미있게 보았습니다. 배우 이동욱과 이주빈의 조합이 보기전부터 로코 멜로디로 기대되기도 했던데다 '이혼보험'이라는 참신한 아이디어를 어떻게 풀어낼까 하는 궁금함도 적지 않았습니다.
드라마의 한 장면 중에 근사한 뜨개 공간에 눈이 번쩍 띄였습니다.
저기 한 번 가보고 싶다는 생각이 들 정도로 말입니다. 그러나 어디인지 찾아볼 생각까지는 못했습니다.
어느 날 문득 남편이 뜨개질이 하고 싶다고 하면서 한 장소를 같이 가보자고 하더군요. 규칙적이고 반복적인 것을 잘하지 못하는 자유로운 영혼인 저와 달리 남편은 굉장히 FM적인 사람인라 서로가 성향이 많이 다르답니다. 이것저것 만들기 취미를 좋아하는 저이지만 유일하게 취미를 붙이지 못한 부분이
근데 제가 이혼보험에 나왔던 그 광경이 나오더라구요. 어머머~~ 나도 여기 가보고 싶었는데.....어떻게 알았지? 신기하죠????
우연의 일치라고 하기엔 남편과 살면서 저는 이런 경우가 참 많습니다. 이래서 통하는 건가 싶기도 하고 암튼 참 신기합니다.
드라마에 나온 이곳은 생긴지 얼마되지 않은 뜨개와 코바늘 주제로 ""바늘이야기""라는 대형 카페입니다.
촬영지는 파주 본점이고요, 저는 파주까지는 너무 멀고 제일 가까운 바늘이야기 연희점으로 다녀왔습니다.
바늘이야기 연희점
연희동이 핫플레이스인지라 블로거들의 연희동 이야기도 많더라구요. 바늘이야기는 주차가 안되니깐 주차는 옆의 '사러가'에 한다고 하면 된다고 해서 차를 갖고 갔는데 주말에 사러가 주차장은 만차, 주차장에 들어가기 위해 길게 늘어선 주차줄이 대단했습니다. 주말 주차는 서울 어딜가나 어렵습니다.
바늘이야기는 신축건물로, 겉으로 보기에는 특별할 것 없는 빌딩이었습니다.
바늘이야기 입구쪽 나눔명문기업이라는 간판부터 예사롭지 않습니다.
앞쪽에 간판을 보고나서야 이곳이 카페라는 것을 짐작케했습니다.
와우~~
그러나 입구에 들어선 순간 제가 방송에서 보았던 형형색색의 실패가 원목 안에 하나씩 들어있는 것이 꼭 작품 같았습니다.
정말 고급스럽지 않나요? 공간을 어떻게 구성하느냐에 따라서 이렇게 차이가 납니다.
1층 바늘 샵(shop)
바늘이야기는 1층은 대바늘과 코바늘을 비롯한 뜨개실과 각종 부자재를 판매하는 가게가,
2층에는 카페로 운영되고 있었습니다.
뜨개로 만든 각종 작품과 같은 작품을 만들기 위해서 필요한 재료패키지,
낱개로 구매할 수 있는 여러가지 뜨개 재료들이 정말 다양하게 구성되어 있습니다.
그야말로 뜨개 천국이라고 할까요?
실에 게이지도 어느정도 떠져 있어 완성 후의 실의 느낌을 잡기 좋았습니다.
다양한 색상의 들이 가득찬 가게 내부를 보니 보는 제가 다 배가 부르더라구요. ^^;;
실 외에도 각종 뜨개 도구와 부자재도 다양했습니다.
2층 바늘 카페
2층은 카페였는데 앉을 곳이 마땅치 않을 정도로 사람들로 가득차 있었습니다.
신기하게도 자리에 앉아계신 손님들이 모두 자리에 앉아 뜨개질 삼매경에 빠져있었습니다.
채광이 좋은 단체 테이블에는 뜨개작품들이 놓여있는데 어쩜 이렇게 예쁠까요?
오레오 과자며, 피자, 도넛까지 너무 앙증맞죠!!!!!
게다가 선인장도 뜨개실로 만들었습니다. 정말 대단합니다.
남편은 입문자용 코바늘 마스터 패키지를 구입했습니다.
퇴근 후 동영상을 보면서 한 땀 한 땀 코바늘 뜨개를 작업중입니다.
저도 못하는 그 코바늘 뜨기를 하는 남편이 신기하면서도 가방도 떠주겠다니 아주 기대 만빵입니다. : )
Info
바늘이야기 연희점
---------------------------------------------------------
서울 서대문구 연희로 130-8
영업시간 : 오전 10시~ 오후 8시
50m
© NAVER Corp.
바늘이야기 연희점
서울특별시 서대문구 연희로11가길 15
# # #
저작자 명시 필수
영리적 사용 불가
내용 변경 불가
태그
#바늘이야기연희점
#바늘이야기
#연희동카페
#연희동데이트
#연희동가볼만한곳
#연희동가볼곳
#뜨개카페
#뜨개카페추천
#이혼보험촬영지
공감 5
이 글에 공감한 블로거 열고 닫기
댓글 2
이 글에 댓글 단 블로거 열고 닫기
블로그 보내기
카페 보내기
Keep 보내기
메모 보내기
기타 보내기 펼치기





인쇄"
바늘이야기 파주직영점,경기도 파주시 탄현면 법흥로 100-1,37.7765751,126.706411,"가볼만한 곳
니터들의 핫플! 뜨개카페 '파주 바늘이야기'
뿡림 ・ 2025. 4. 25. 22:21
URL 복사 이웃추가
본문 기타 기능
안녕하세요? 뿡림입니당
오늘은 뜨개인이라면 모를 수 없는!
니터들의 핫플 '파주 바늘이야기'
다녀온 후기를 적어보려 합니다 :)
바늘이야기는 연희점,파주점 두군데가 있는데요.
저는 주로 파주점을 방문해요 ㅎㅎ
가깝고 주차가 편하기에~!
그럼 뜨개카페 파주 바늘이야기 리뷰 시작해볼게요 !
50m
© NAVER Corp.
바늘이야기 파주직영점
경기도 파주시 탄현면 법흥로 100-1
바늘이야기 파주직영점
화-일 10:00-19:00 (월요일 휴무)
주차가능/반려동물 동반가능
파주점은 매주 월요일이 휴무이고
닫는 시간이 7시니 방문하실 때 꼭 참고하세요 :)
제가 꼭 파주점 가는 이유!
바로바로 주차가 짱 편해요
건물 앞에 넓게 주차장이 있고
빨간날에는 주차요원분도 계셨던걸로 기억해용
주차 두려우신 분들도
편하게 츄라이츄라이~
엄청 큰 건물 하나가 다 바늘이야기에요 ㅎㅎ
대박이셩
매장 1층은 뜨개용품이 있는 샵이에요!
뜨개 시작할 때 여기와보고 얼마나 행복하던지,,
요런 초보들을 위한 키트패키지는
시작하시는 분들껜 넘 좋을듯
유명한 패션아란실도 구경하고용
실이 엄~청 다양해서 보는 재미가 있어요.
실뿐만 아니라 필요한 용품들도 다 구비되어 있어서
진짜 앵간한 건 다 여기서 살 수 있더용
바늘도 실제로 보고 사니 좋더라고용
뜨개작품도 구경해주기,,
올때마다 귀여운것들이 늘어나있어유
전시회 온 너낌
여기서는 와인더를 사용해볼 수 있다고 알고 있는데
제가 간날은 물류정리를 하고 계셔서
멀리서 구경만 했답니당
언젠가는 와인더도 구입해보고싶어요 :)
타래실을 쓰는 날이 온다면..
(아직 볼실 러버)
저는 이 날 가디건을 뜰 실과 단추를 사러 온건데요!
실은 코튼슬라브를 구입했고
단추는 직접 실을 대보고 구입하니
온라인쇼핑할때보다 쉽게 골랐답니다
이날 실이랑 단추만 사러 간건디..
갑분 바늘사기..
랜턴문 좋더라고요..;;;
줄걸림만 빼면.. 너 내가 품고간다..
얘 들이고 치아오구 안 꺼내고 있어용
단추는 얘로 결정 ㅎㅎ
바늘이야기는 현금 없는 매장으로 운영중이라
카드,계좌이체 결제만 가능해요~
이 날 현금쓰려고 들고 갔다가 알게 됐어요 ㅎㅎ
결제하면 쿠폰도 주시니 잘 챙기기!
2층부터는 바늘카페입니당
니터들의 핫플은 사실 여기가 아닐까,,
파주 바늘이야기에 가면
모두가 뜨개를 하고 있오요
자리는 3층까지 이용가능해서 넉넉한 편이랍니다
다만 좌석마다 매력이 다른데
각자 원하는 자리가 있을 것 같아용 쿄쿄
저는 카페를 등지고 있는 요 자리를 제일 좋아해요
ㅎㅎ
바깥도 너무 예쁘고
가끔 귀여운 고냥이도 볼 수 있거둔요
날 좋을땐 테라스 자리도 이용쌉가능
카페에 음료가 생각보다 다양하게 있어서
좋아요! 그리고 여러가지 먹어본 결과
다 맛있더라고용
저는 대부분 디카페인 아이스 아메리카노 먹는데
꼬숩고 맛있답니당
그리고 디저트중에 당근라페 샌드위치가 있는데
이거 도른놈이니까 꼭 드세요
..
전 이거 먹으러 바늘이야기갑니다...예..
스콘이랑 케이크도 있어요 ㅎㅎ
안내문도 확인해주세요~!
주말 및 공휴일은 3시간 이용제한이 있네용
화장실도 항상 깨끗해서 맘에든다,,
이날은 아마 블루베리라떼?랑
디카페인 아이스 아메리카노를 먹은 듯 합니다
블루베리라떼도 맛있어유~
방문할때마다 행복함 만땅으로 충전해오는
니터들의 핫플 파주 바늘이야기!
파주에 있어서 교통편이 좀 아쉽지만
ㅠㅠ
연희점보다는 한산한 매력이 있는 것 같아요!
아직 안가보신 분은 언~능 다녀오세요!!
태그
#파주바늘이야기
#바늘이야기파주점
#바늘이야기파주
#파주가볼만한곳
#뜨개카페
#서울뜨개카페
#파주뜨개카페
#뜨개용품점
#파주뜨개용품
#바늘이야기
#서이추
#서이추환영
#서로이웃추가
#서이추환영맛집
#서이추환영여행
#서이추환영취미
공감 48
이 글에 공감한 블로거 열고 닫기
댓글 14
이 글에 댓글 단 블로거 열고 닫기
블로그 보내기
카페 보내기
Keep 보내기
메모 보내기
기타 보내기 펼치기





인쇄"
카페토요,서울특별시 도봉구 시루봉로 149 102호,37.6642895,127.0282775,"먹고
방학동 뜨개카페 카페토요 니터들이 행복한 곳
세실 ・ 2025. 1. 7. 8:51
URL 복사 이웃추가
본문 기타 기능
얼마 전 인별을 보다가 집 근처 방학동에
뜨개카페가 있는 것을 알게 되었어요
집에서 멀지 않아서 수업을 쉬게 된 어느 날
혼자 총총총 걸어서 카페토요를 다녀왔답니다
방학동 카페토요 위치
집에서 30분 정도면 걸어 갈 줄 알았던 카페토요
비가 와서 조금 더 시간이 걸렸어요 ㅎㅎㅎㅎ
평소 아침 걷기를 하기 때문에
잘 됐다~ 요기를 가보다 하고 걸었는데
비가 오니 힘들긴 하더라고요
그래서 집에 올 때는 버스를 탔다는 그런 이야기;;;;
50m
© NAVER Corp.
카페토요
서울특별시 도봉구 시루봉로 149 102호
방학동 뜨개카페 카페토요는
서울시 도봉구 시루봉로 149에 위치하고 있어요
주차는 힘들 거 같더라고요
카페 앞에 간송 전형필 가옥이 있는데
날이 좋을 때는 슬슬 걸어도 좋을 거 같더라고요
물론 저는 비가 와서 패스했답니다;;;;;
비 오는 날이었지만 포근포근한 분위기의
니팅 카페토요
카페 앞이 한옥이라 뷰가 은근 좋아서
매장 앞에 슬쩍 앉아봐도 좋을 거 같았어요
뜨개만 할 수 있는 곳이 아니라
커피와 디저트도 함께 맛 볼 수 있는 카페토요
이 곳의 영업시간은 오전 8시부터 오후 7시까지인데요
영업시간이 엄청 엄청 빨라서 조금 놀랐어요
도봉구 카페토요 메뉴
뜨개카페이지만 정말 많은 메뉴가 있어서
은근슬쩍 놀랐는데요
뭘 먹을까 하다가 레몬차를 선택했답니다
음료 외에 정말 다양한 브런치??메뉴도 있어서
출출할 때 함께 먹으면 좋을 거 같았어요
뜨개실과 부자재를 만날 수 있는 카페토요
방학동 뜨개카페 카페토요를 방문한 이유는
니터라면 그냥 지나칠 수 없는
뜨개실을 실제로 볼 수 있기 때문인데요
특히나 대바늘인형을 만들다 보면
색감이 정말 중요한 것을 알 수 있는데
실제로 볼 수 있어서 정말 좋았어요
뜨개 수업이 이루어지는 니팅카페라 그런 지
실물 작품도 많이 볼 수 있었는데요
뜨개실일 때와 떴을 때 느낌이 다른 적도 은근 많은데
실제 뜬 작품을 보니 정말 좋았답니다
카페토요는 좌석이 많은 편은 아니었는데요
그래서 더 조용히 뜨개를 할 수 있었답니다
쪼오~기 안 쪽에서 수업이 이루어져요
꽤 이른 시간에 도착을 했는데
다들 열뜨하는 분위기라 저도 모르게 열뜨하게 된답니다 ㅎㅎ
방학동 뜨개카페 카페토요의 전반적인 분위기
정말 따뜻함이 느껴지는 니팅카페죠??
카페에는 책도 많이 전시가 되어 있어서
실제로 볼 수 있었는데여
저에게 없는 책이 더 많아서 ㅎㅎ
한참을 보고 있었던 거 같아요
볼 수록 탐나는 책들이 많네요 ㅎㅎㅎ
방학동 뜨개카페 카페토요에서는
뜨개실이나 책 뿐 아니라
다양한 부자재도 만날 수 있다는 말씀!
아무래도 수업 함께 하기 때문에
부자재도 있는 거 같아요
입구 쪽에도 은근 실이 많았는데
생각보다 실 종류가 많아서
하나하나 구경하는 재미가 있더라고요
뜨개카페라고 해서 구색만 갖추었나~싶었는데
실 종류를 보니 진짜 꼭 와야했구나~ 싶었답니다
전신 거울도 있어서
입고 간 스웨터 사진도 한 장 찍어보구용 ㅎㅎㅎ
간송 전형필 자택이 보이는 곳에 앉아서
뜨개를 시작했어요
방학동 뜨개카페 카페토요에서
저는 레몬차를 주문했는데요
비 오는 날이랑 정말 잘 어울리더라고요
예쁜 곳에서 사진 안 찍을 수 없죠???
이 때가 할로윈 즈음이라
(너무 묵은지 포스팅이다 진짜 ㅎㅎㅎ)
예쁘게 인형 사진 찍고 뜨개하고 왔답니다
방학동 뜨개카페 카페토요
재생
44
좋아요
0
00:23

방학동 뜨개카페 카페토요
니터들에게 정말 천국이었던 방학동 뜨개카페 카페토요
집에서 멀지 않으니 종종 방문해서
뜨개로 힐링해야겠어요~~~
저작자 명시 필수
영리적 사용 불가
내용 변경 불가
태그
#방학동카페
#카페토요
#뜨개카페
#니팅카페
공감 19
이 글에 공감한 블로거 열고 닫기
댓글 6
이 글에 댓글 단 블로거 열고 닫기
블로그 보내기
카페 보내기
Keep 보내기
메모 보내기
기타 보내기 펼치기





인쇄"
바늘이야기 연희점,서울특별시 서대문구 연희로11가길 15,37.5674563,126.9291304,"365그림일기
서울 연희동 뜨개샵/뜨개카페 ‘바늘이야기 연희점’
뚠뚠 ・ 2025. 2. 6. 20:29
URL 복사 이웃추가
본문 기타 기능
위치바늘이야기 연희점
서울 뜨개카페 ’바늘이야기 연희점‘
인기가 너무 많다고 해서 미루고 미루다 드디어 가본
바늘이야기 연희점!!🧶
일요일 오후 2시쯤 방문했는데 역시나 사람이 정말 많았음
여기저기 보이는 귀여운 샘플 제품들
영상이랑 사이트에서만 보면 크기나 편물 느낌을 잘 모르겠어서
살까말까 고민하는 경우가 많은데
직접 볼 수 있어서 속이 다 시원함
목도리 샘플도 여러개 있어서 실선택에 도움이 많이 될듯하다.
옷 샘플에도 도안 방식이랑 준비물 모두 적혀있다!
초보자를 위한 패키지도 있고
사이트에 있는 각종 도안+준비물 바로 구입할 수 있어서
뜨개안하는 친구랑 같이와서 입문시키기도 너머 좋을 것 같음
완제품도 구매 가능하다
바늘이야기에 있는 실을 직접 구매할 수 있는데
모르는게 있으면 직원분들이 도와주셔서 도움이 많이 됐다.
실 느낌을 말씀드리면 비슷한 실도 찾아주시고
어떤 실로 작업 뭐할지 말씀드리면 부족할거같은 실도 알려주심
덕분에 집가서 또 주문할 뻔한거 배송비 아꼈습니닷
소비천국..
몇개 안 담은거 같은데 금방 10만원이 되는 매직
각종 부자재들도 다 있어서 눈 돌아갑니다.
금액이 작아서 이것만 온라인에서 사기에는 애매할 때가 있었는데
집 가까우면 필요할 때 야금야금 사가기 너무 좋을듯
바늘도 저렴이부터 조립식까지 다 있고..
단추 사야해서 어딨는지 한참 찾았는데
계산대 옆에 유리병에 모여져있다!
근데 사려면 단추병 통으로 바구니에 담아서
계산할 때까지 바구니에 담아서 다니는 것 같던데...
여러사람들이 사고싶은 단추가 겹치면 어떡하나 싶었음
잘 참고 필요했던 실만 구매해서 이층 카페로 올라갔다,,
실 합사해서 미니스퀘어 핑크 하나 그린 하나 뜰 작정
바늘 카페
자리가 정말 많은데 사람도 많다!
역시 뜨개카페답게 1-2테이블 빼고 다 뜨개중
테라스 자리도 있는데 한겨울임에도
난방을 잘해주셔서 그렇게 춥지 않았음
날 좋을 때 저기 앉아서 뜨개질하면 참 좋을 것 같다.
주말 및 공휴일은 3시간 제한있음
간단한 베이커리도 판매하고 있다.
유투브에서 본 바만추 팻말ㅋㅋ
바늘이야기에서 만남 추구
나도 일인석에 자리잡고 두시간정도 뜨다왔다!!
요즘 일반 카페에서 뜨개해도되느냐 안되느냐 논란?이 있던데
눈치 안보고 마음 편하게 집중할 수 있어 행복했음
바로 근처에 있는 콜드레시피에서
딸기 젤라또까지 야무지게 먹고 집으로 돌아와따
집와서 마저 호다닥 핑크완성
이번에도 죻은 태교였다!!🧶
📍 바늘이야기 연희점
서울 서대문구 연희로11가길 15
매일 10:00 ~ 20:00 운영
*주차 불가*
50m
© NAVER Corp.
바늘이야기 연희점
서울특별시 서대문구 연희로11가길 15
태그
#바늘이야기
#바늘이야기연희점
#서울바늘이야기
#서울뜨개샵
#서울뜨개카페
#연희동카페
#연희동데이트
#서울뜨개데이트
#바늘이야기오프라인
#태교뜨개질
공감 19
이 글에 공감한 블로거 열고 닫기
댓글 7
이 글에 댓글 단 블로거 열고 닫기
블로그 보내기
카페 보내기
Keep 보내기
메모 보내기
기타 보내기 펼치기





인쇄"
바늘이야기 파주직영점,경기도 파주시 탄현면 법흥로 100-1,37.7765751,126.706411,"먹고싶다
[파주/탄현면] 뜨개러라면 눈이 휘둥그래질, 뜨개카페 바늘이야기
뜨다만인기녀 ・ 2024. 11. 9. 21:28
URL 복사 이웃추가
본문 기타 기능
위치바늘이야기 파주직영점
#파주뜨개카페 #파주카페 #바늘이야기 #바늘이야기파주점 #내돈내산 #뜨개질 #뜨개실
나의 오랜 취미는 가죽 공예였는데 공간의 제약이 너무나도 커서 다른 취미를 찾아봐야 겠다는 생각을 했다.
아무래도 손으로 사부작 거리는 것을 좋아하는 나이기에 뜨개질을 배워보면 어떨까 싶었고, 잠깐 배운적인 있는 대바늘 말고 코바늘로 도전 시작!
새복이 유치원 친구 엄마들 대부분이 뜨개질 능력자셔서 덕분에 무료로(!) 배우고 있다.
가장 처음으로 실버백을 도전해봤는데 와 이실 쉽지 않음....
바늘 코 넣을 곳이 눈에 잘 안보여서 초보가 고르면 안되는 실이었음을....
어쨌든 어찌저치 실 하나를 다 쓰고 다음은 뭘 해 볼까 고민하다가 급 바늘이야기 카페로 향했다 :)
과거에 실공장1998이었고 지금은 바늘이야기인 공간.
예전에도 좋았지만 지금이 더 좋다고 느낄 정도로 공간 구성이 잘되어있었다.
일단 실도 많고, 샘플도 많아서 구경거리가 많았다.
예전에는 카페가 메인이라고 느껴졌다면 지금은 뜨개가 메인인 느낌?
1층은 뜨개용품을 팔고 2,3층은 카페로 운영되고 있는데, 비오는 평일 오전에 가서일까 매장이 한적해서 좋았다.
(벽면에 실을 그라데이션으로 배치한 인테리어도 예뻤음)
뜨개 초보니까 일단 샘플부터 살펴보았다.
아직 무것을 떠볼까 결정하지 못하고 방문했기 때문이다.
참고로 가방을 참 좋아하지만 소품은 더더더욱 좋아하는 편이다.
그래서 아기자기한 소품류에 눈을 뗄 수가 없었다.
옷 샘플도 참 많던데 저에겐 그림의 떡이구요^^
실이 정말정말 많았다.
온라인으로 사면 실의 촉감이나 색감을 직접 보지 못해서 아쉬운데 이렇게 쇼룸같은 카페가 있으니 얼마나 좋은지!
하지만....
내가 사고 싶은 실은 이 곳에 재고가 없었다.
방문 당시만 해도 방문자들에서 10% 할인해서 실을 팔았는데 실이 없어서 못샀음.
그래서 그냥 다른 실들을 구경해보기로!
가방 샘플도 진짜 많은데 바늘이야기의 좋은 점 중 하나가 가방 뜨는 법을 유툽에서 상세하게 설명해주신다.
정말 나같은 왕초보도 보고 따라 뜨는데 어려움이 없을 정도!
(다만 완성품의 퀄리티는 당연히 차이가 난다.)
이건 대체 뭘까?
모티브 같은 것들이 걸려있었는데 뭔지 모르겠다.
아시는 분 계시면 알려주시겠어요...?
책도 있어서 도안에 능숙한 사람은 책만봐도 원하는 걸 만들어 낼 수 있겠다 싶었다.
반대로 짜여진 것만 보아도 도안을 만들어 낼 수 있거나?
(물론 저는 둘 다 못합니다....)
구경을 마치고 카페에서 차 한 잔 하기 위에 위층으로 올라갔다.
차와 베이커리 그리고 화분마저 뜨개로 되어있는게 정말 귀엽다 :)
메뉴는 이러했고 나는 추천 메뉴인 초코 라떼를 선택해 보았다.
창 밖으론 비가 내리고 사람은 없고 힐링이었다.
그런데 함께한 친구가 음료를 가지고 오다가 단차를 보지 못하고 발을 헛디디는 바람에 컵이 와장창 깨지면서 평화가 끝났다.
명백히 우리 실수인데도 음료를 다시 만들어주신 고마운 사장님
돈을 지불하겠다고 했는데 계속 거절하셔서 정말 죄송스러웠다.
다시 받아든 음료를 들고 조심조심 한 층 더 올라가보기!
이 공간은 예전 실공간일때와 비슷한 듯 달랐다.
여기서 하루종일 뜨개하면 힐링 그 자체일 듯 :)
초코 음료는 맛있었는데 매우 달달하니 주의!!!!
(너무 단 걸 싫어하신다면 우유를 조금 타먹어도 좋을 듯합니다.)
우리 집 가까이에 있다면 내 통장을 텅장으로 만듬직한 곳이다.
당연히 재방문의사 있구요~
복직하면서 뜨개에 손을 못대고 있는데 적응하면 얼른 다시 시작해야지 :)
50m
© NAVER Corp.
바늘이야기 파주직영점
경기도 파주시 탄현면 법흥로 100-1
태그
#파주뜨개카페
#파주카페
#바늘이야기
#바늘이야기파주점
#내돈내산
#뜨개질
#뜨개실
공감 14
이 글에 공감한 블로거 열고 닫기
댓글 2
이 글에 댓글 단 블로거 열고 닫기
Keep 보내기
메모 보내기
기타 보내기 펼치기





인쇄"
누뗀,서울특별시 서초구 청계산로 119 지하1층~2층,37.4537511,127.05127,"시고달고쓰고짠, 커피
[카페] 청계산입구역 근처, 뜨개카페 누뗀
울림 ・ 2024. 4. 23. 11:01
URL 복사 이웃추가
본문 기타 기능
위치누뗀
여긴 좀 자주 지나다녀서
처음 생겼을 때부터 봤는데
가봐야지 생각만하고 미루다가
이제서야 가본다.
#누뗀 #nutten
50m
© NAVER Corp.
누뗀
서울특별시 서초구 청계산로 119 지하1층~2층
예약
· 시간 : 10시30분~19시(매주 수 휴무)
· 인스타그램 : https://www.instagram.com/__nutten
_누뗀(@__nutten) • Instagram 사진 및 동영상
팔로워 12K명, 팔로잉 1명, 게시물 73개 - _누뗀(@__nutten)님의 Instagram 사진 및 동영상 보기
www.instagram.com
청계산입구역에서 내려 찾아가는 길,
청계산수변공원을 지나게 된다.
오픈시간보다 조금 일찍 도착해서
여길 조금 걸었는데
벚꽃은 다 졌지만 다른 꽃들도 피고
녹색의 잎들이 싱싱하다.
건널목을 건너 위치표시된 곳이
바로 누뗀.
뒷쪽으로도 청계산수변공원이 이어진다.
입구에 서서 카페를 쭉 보면
이런 모습.
들어가보면
왼쪽에 주문대가 있고
정면과 오른쪽에 뜨개실과 키트가
테이블과 함께 진열되어 있다.
일단 기본 아메리카노(5,500원).
과테말라, 브라질 등 3~4종 원두가 섞인
하우스 블렌딩를 쓰는데
산미는 일절 없는 커피라고.
일단 내부구경!
Next image
다양한 종류의 실이 진열되어 있고
팔고 있는 제품도 있고
샘플을 보고 만들어볼 수 있는 DIY키트도
여러 종류가 있다.
뒤를 돌아서
들어온 입구를 보면 이런 모습이다.
뜨개공방을 함께 한다는 알고 갔기 때문에
대충 예상했던 분위기.
이번 겨울에 산책할 때 귀가 너무 시려서
귀도리를 짜볼까하고 다이소에 실 보러 갔었는데
여길 와볼껄 그랬네란 생각이
이제서야 든다.
주문대 뒤쪽으로 계단을 통해
지하와 2층으로 갈 수 있다.
아래로 내려가는 계단 옆쪽 공간은 이렇게 되어 있다.
(여기서 커피 마심ㅎㅎ)
2층으로 가보면
천창을 통해 빛이 들어오고
위로 솟아있어 공간이 넓어보인다.
지하로 가보면
이런 공간이다.
카페로 올 때 봤던 야외공간이 있는 곳이
창으로 연결되어 있어 그쪽은 밝다.
손님이 없어서 안쪽은
불이 안 켜져 있어서 조금 어둡.
#아메리카노
묵직하고 손잡이가 특이한 잔에 나왔다.
탄향이 나는 것에 비해
맛은 부드러운 편.
쌉싸름하고 단맛이 있다.
산미있는 커피를 좋아하지만
고소한 맛 커피도 맛의 밸런스가 좋다면
맛있게 마신다.
식으면 탄맛이 좀 올라오는데 무난한 커피.
살까말까 망설였던 바라클라바 키트.
21,000원이었는데 겨울이었다면
아마도 샀을 듯.ㅎㅎ
예전엔 자주 손을 움직여
모자랑 목도리도 짜고 매듭도 했는데...
한 때였나?! ㅎㅎ
(완전 주관적인) 총평
'알록달록한 색색의 실들과
직접 짠 뜨개모자, 가방 등 소품이
깔끔하게 정리되어 있다.
이런 뜨개를 좋아하는 사람에겐
너무 재밌는 공간일 듯.
커피는 산미없이 고소한 커피인데
탄향에 비해 부드럽고 밸런스가 괜찮은 편.'
ⓒ 글·사진 / 울림
※ 근처 브루잉이펙트 포스팅 ↓
https://blog.naver.com/ullida/223047971819
[커피] 청계산입구역 근처, 브루잉이펙트
가깝지만 청계산 등산은 안 가는데 ㅎ (물론 회사 다닐 때 2번 다녀오긴 했다) 맛있는 커피를 마시기 위해 ...
blog.naver.com
※ 근처 에세스커피 포스팅 ↓
https://blog.naver.com/ullida/223049425488
[커피] 청계산입구역, 에세스커피
브루잉이펙트를 다시 방문해볼까하고 가다가 근처에 갤러리 카페가 있다고 해서 거기를 한 번 방문해본다. ...
blog.naver.com
저작자 명시 필수
영리적 사용 불가
내용 변경 불가
태그
#누뗀
#아메리카노
#nutten
#청계산입구역카페
#카페탐방
#카페투어
#뜨개카페
#커피
공감 16
이 글에 공감한 블로거 열고 닫기
블로그 보내기
카페 보내기
Keep 보내기
메모 보내기
기타 보내기 펼치기





인쇄"
바늘이야기 연희점,서울특별시 서대문구 연희로11가길 15,37.5674563,126.9291304,"crochet
뜨개샵*바늘이야기 연희점 / 연희동 뜨개점, 뜨개 복합문화공간, 뜨개카페, 뜨개질 DIY, 코바늘, 머플러 뜨기
mmm rinrin ・ 2025. 1. 4. 21:39
URL 복사 이웃추가
본문 기타 기능
올해부터 새롭게 시작한 취미생활,
뜨개질을 시작했다!
온라인으로만 구매하다가
바늘이야기 연희점에 구경가보고 싶어서
1월 2일에 방문해봤다!
50m
© NAVER Corp.
바늘이야기 연희점
서울특별시 서대문구 연희로11가길 15
서울시 서대문구 연희로 11가길 15 바늘이야기 연희점
신촌역 3번출구에서
서대문 03번을 타고 하나은행 정류장에서 하차
13분정도 소요
월요일 - 일요일 오픈시간 오전 10시 ~ 저녁 8시
*추석, 설 당일 휴무
바늘이야기 since 1998(@banulstory_official) • Instagram 사진 및 동영상
팔로워 156K명, 팔로잉 772명, 게시물 3,456개 - 바늘이야기 since 1998(@banulstory_official)님의 Instagram 사진 및 동영상 보기
www.instagram.com
*주차불가
바늘이야기 포토존
귀여웠던 길고 긴 장갑
처음 해보는 입문자에게 추천하는 패키지도 있다.
잔디 코스터 해보고 싶어서
실 구매했다.
벚꽃 모양 코스터
야채 뜨개 키링도 판매중
Next image
단추도 있다.
장갑..
한번 뜨개질했다가
마음에 안들어서 ㅠ
컬러들 이쁘다!
다음엔 이런거로 뜨개해봐야지!
바늘이야기에 견본으로 있는 머플러는 실이 보드라운데 비싸다..
이쁘다 이뻐!
난 언제 이렇게 해보나..
김대리님 영상도 계속 나옴
니트 제품도 판매중이다
모자도 다 DIY 패키지로 되어있는
대왕 마커 귀엽길래..
Next image
뜨개실 천국..
많은게 뭘 사야할지 모르겠다는..
역시 뜨개 초보는..
스와치라고 하는데,
(*스와치 - 게이지 조각을 말함)
게이지란 뜨개를 시작하기에 앞서 꼭 알아야하는
'사이즈 가이드' 라고 한다.
사람마다 뜨는 힘이 다르기 때문에
게이지 측정과 계산을 하지 않고
같은 실과 바늘을 이용해 같은 도안을
보고 작품을 뜨면 도안과 다른 사이즈가 나올 수 있다고 한다.
하지만..
저는 스와치도 모르고 게이지도 모릅니다..
도안을 볼 줄도 모르고ㅠㅠㅠ
동영상보고 뜨개질하는게 다입니다..ㅠㅠ
학원 다녀야하나..
이쁜실 비싸다
Next image
반짝반짝 실
구경하는 재미가 있는 바늘이야기
실들이 다양하게 많다!
컬러도 다 이쁘고!
이번에 산 테디울 뜨개실
요거 견본으로 걸려있던 머플러가
너무 이쁘길래
나도 요거로 구매했다.
(뉴테디울 08 스틸블루)
가방도 있음
Next image
부자재들도 많이 판매중이다!
태그/라벨도 사왔다!
(코바늘은 비싸니까 동대문에서 구매하시는걸 추천한다..)
스와치 이쁘다..ㅠㅠ
컬러조합이..ㅠㅠ
난 언제 가방 떠보나...
귀여워 ㅠㅠㅠㅠㅠ
바늘이야기에서 사온
몽실이 1볼 80g / 17 잔디 4,000원
뉴테디울 1볼 100g / 08 스틸블루 6,500원
그리고 바늘이야기에서 사온
테디울 실로 만든 쁘띠 머플러!
처음 만들어본 머플러라서
좀 뿌듯하다!!
너무너무 마음에 들고 컬러가 진짜 이쁘다!
어제 저녁부터 뜨기 시작해서
오늘 완성했는데..
머플러 만드는데 총 4~5시간 정도는 걸린듯하다!
머플러 뜨는건
바늘이야기 말고 다른 영상보고 했다.
아주 잘 알려주셔서 좋았다!
친구들도 파는것 같다고 해주고
부모님도 이쁘다고 해주심!
매우 만족만족!
바늘이야기 실 다양하고
온라인에서 보는것보다
실제로 봐서 좋았다!
뜨개인에게 추천하는 뜨개샵!!
아! 그리고
바늘이야기 2층에 카페가 있어서
거기서 뜨개질도 할 수 있다!
태그
#바늘이야기연희점
#바늘이야기
#뜨개샵
#연희동뜨개점
#연희동뜨개카페
#뜨개복합문화공간
#머플러뜨기
#쁘띠머플러
#바늘이야기김대리
#서울뜨개카페
#뜨개카페
#신촌뜨개샵
#홍대뜨개샵
#코바늘DIY
#코바늘뜨개질
#서대문구뜨개샵
공감 16
이 글에 공감한 블로거 열고 닫기
댓글 15
이 글에 댓글 단 블로거 열고 닫기
Keep 보내기
메모 보내기
기타 보내기 펼치기





인쇄"
바늘이야기 연희점,서울특별시 서대문구 연희로11가길 15,37.5674563,126.9291304,"리뷰 하쟈 :D
뜨개카페 바늘이야기 연희점 뜨개실 고르는 꿀팁과 주차정보
이매 ・ 2024. 4. 1. 21:26
URL 복사 이웃추가
본문 기타 기능
요새 제가 뜨개질에 푸욱- 빠져있는데요
바늘이야기 연희점 & 파주점을 총 3번 다녀와본후 ㅋㅋㅋ
이제야 알겠는.. 바늘이야기 이용꿀팁을좀 정리해보려고 합니다 +_+
처음가보시는 분들은 참고하셔서
좀 생각해서 가시면, 좀더 구매에 도움이 되지 않을까합니다 ㅎㅎ
위치정보
길따라 걷다보니 등쟝!
50m
© NAVER Corp.
바늘이야기 연희점
서울특별시 서대문구 연희로11가길 15
뜨개카페 바늘이야기 연희점
📌 위치
서울 서대문구 연희로11가길 15
🚗 주차
주차공간없음 / 근처 유료주차장 이용
(사러가 쇼핑몰 주차장 등을 유료로 이용가능)
🕙 영업시간
10:00 ~ 20:00 (추석, 설 당일 휴무)
📞 전화번호
02-771-9771
이날 엄청 추웠어가지고
무장하고감ㅋㅋㅋ
바늘이야 연희점 도차악!!
입구에서 사진한장 찍어주고 ㅋㅋ
(여기서 찍어주는게 국룰이던데..)
내부구경
두리번 두리번 ㅋㅋ
이렇게 뜨개서적들을 둘러볼수있는 코너가 제일앞에 있다.
인터넷 쇼핑몰이있는데
굳이굳이 왜 샵까지 가야하느냐???
그르타.. 바늘이야기는 인터넷쇼핑몰이 있다
그런데 왜 연희점 매장까지 가냐???
이용꿀팁 NO1.
완성품을 보고, 만들고싶은걸 고를수있다.
이렇게 수많은 실물 작품을보고
뜨고싶은걸 고를수있다.
이게또 가서보는거랑
인터넷으로보는게 뜨개실의감촉이라든지
느낌같은게 웹상으론 와닿지않는 문제!!!
저 니트백
여름에 꼭 떠보고싶..
이용꿀팁 NO2.
뜨개실컬러 & 뜨개실 스타일 선택가능
물론 가서보시면
키트별로 정해진 실이 있긴있다 (원작실)
근데, 보다가 다른실이 더땡긴다??
성분이나, 감촉, 두깨 등을 비교해서
뜨개실도 선택가넝!!!
(각실별 스와치가 준비되어있어서, 비교가넝!!)
이렇게 각실별로 스와치가 제작되어있었는데
실만봐서는 감이안오는
나같은 뜨린이들은
여기서 좀더 디테일하게 확인이가넝!!
(물론 봐도잘모름!! ㅎ..)
하지만 대충보면서
오 생각보다 폭신한느낌으로 떠지네?
이런걸 알수있었따!!
실제로 남편 니트 재료는
스와치랑, 실 성분 보면서
한참을 고민끝에 ㅋㅋㅋ
안사람의 컨펌으로 컬러결정!!
다른분들은 뭐담았나
염탐도쫌 하고..
언젠간 꼭 한번 떠보고싶은 블랙베리 아란 카디건..
이것도 넘모 이뿌쟈나..
남편이 지꺼부터 떠달라고 난리치는바람에..
내껀 나중으로 밀려나따..
이날은사실 충동적으로
숏팁바늘 사러간거여가디구
이칭구
왜 이걸로 골랐냐며는
다음번에 포스팅을 따로해보기로한다 ㅋㅋㅋ
장비병편!!!
옆에 피씨로 검색해보니 가격이같넹..
알고보니, 계산할때 10%를 빼주셨다 ㅋㅋ
이용꿀팁 NO3.
오프라인구매시 10%를 디스카운트 해준다!!
그돈으로 커피한잔 하고오면됨ㅋㅋㅋㅋ
부자재 코너에서
라벨고르느라 또 한참 구경..
라벨을 또 달아줘야
이쁘쟈나...
그냥 모든것이 다있는기분..
처음시작하시는분도
바늘도 다있어서
몸만 오시면 바로시작 쌉가넝..
단추코너도있다 ㄷㄷ..
1층 쨈만더 구경해주고
계산해서 2층으로 고고싱
뜨개카페 이용가능
바늘이야기 연희점은
구매한 실을들고 2층으로가면
맛있는 커피를 마시면서 뜨개가넝!!
2층이또 분위기가 너무 조으다 ㅋㅋ
사실그냥 카페지만.. 다들 뜨개뜨개 하고있어서
뭔가 한없이 뜨개뜨개하고싶어지는..
뜨개카페라니 ㅋㅋ
카페분위기는 파주점이 더 좋은듯하다!
사진이 어디간지모르겠는데..
파주점엔 빈백도있고
뭔가더 너낌이 있다는?ㅋㅋ
다들 삼삼오오 모여서 뜨개하고있는데..
나만홍자와서 좀 외로웠지만.. 그래도 힐끔거리면서
잘놀다옴 ㅋㅋㅋ
식물도 뜨개 ㅋㅋㅋ
커피한잔 시켜서 착석 -
저번에 파주에서 산
강아지옷 도안에 실이 더 필요해서 ㅋㅋㅋ
이건 가방발하고..
숏팁 기본제공 줄이 짧다는말이 있어서
조금긴 40cm도 같이사왔다
(사길잘한듯..)
챙겨간 우리 링고옷
조금뜨다가옴
시간이 순삭이다 ㅋㅋ
기본적으로 실고르는시간.. 구경하는시간
커피한잔하면서 뜨개하는시간 생각하면 3시간은 잡아야 ㅋㅋㅋㅋ
바늘이야기 연희점에가면
뭔가 히얀하게
기분이 조아서
자꾸 다시가고싶어진다
조만간 또가서 좀 오래뜨다와야지
멋진 한강뷰 -
뜨개카페 바늘이야기 연희점 이용꿀팁 요약
1. 실물 + 서적을 보면서 원하는 작품을 고를수있음
2. 작품에 어울릴만한 뜨개실을 스와치로 직접 질감확인가능(성분도)
3. 각종 부자재를 다 팔고있어서 한방에 다 구매가능(매장10%디스카운트)
4. 카페에서 뜨개질도 가넝!! (뜨개카페도있다 🧡)
5. 그리고 마지막으로 짱짱좋은부분은
바늘이야기에서 산 도안은
바늘이야기 사이트 1:1문의로 질문을 할수있다는점......
스토퍼님 아니였으면 진짜 완성못해따 ㅋㅋㅋㅋㅋ
막힐때마다 물어볼데도없고
진짜 짱이다 ㅋㅋㅋㅋ
뜨개카페 바늘이야기 연희점
이용꿀팁 총정리
저작자 명시 필수
영리적 사용 불가
내용 변경 불가
태그
#바늘이야기연희점
#바늘이야기매장
#바늘이야기
#연희동바늘이야기
#연희동뜨개질
#연희동뜨개카페
#바늘이야기연희동
#뜨개카페
#뜨개질
#뜨개질카페
#서울뜨개실
#뜨개실파는곳
#뜨개실쇼핑몰
#뜨개실
공감 17
이 글에 공감한 블로거 열고 닫기
댓글 7
이 글에 댓글 단 블로거 열고 닫기
블로그 보내기
카페 보내기
Keep 보내기
메모 보내기
기타 보내기 펼치기





인쇄"
바늘카페,서울특별시 서대문구 연희로11가길 15 2층,37.5674563,126.9291304,"너, 잘 먹고 다니네?
서울 연희동 조용한 카페 | 바늘이야기 2층 뜨개카페
문앎 ・ 2025. 5. 4. 19:53
URL 복사 이웃추가
본문 기타 기능
위치바늘카페
💸내돈내산 리뷰입니다💸
바늘카페
영업시간 | 매일 10:00~19:00
주소 | 서울 서대문구 연희로11가길 15 2층
반려동물 동반
서울 연희동 조용한 카페 :)
외부모습
저번 바늘이야기 투어에 이어서 작성하는 2탄.
그때는 1층 뜨개샵 구입기 포스팅을 올렸는데,
오늘은 2층 뜨개카페에 대해 올려보려고 한다.
뜨개샵 탐험기가 궁금한 분들은 아래 링크로🔽
바늘이야기 연희점 | 뜨개질 초보에게 좋은 취미 용품 매장
💸내돈내산 리뷰입니다💸 바늘이야기 연희점 영업시간 | 매일 10:00~20:00 주소 | 서울 서대문구 연희...
blog.naver.com
이건 전 포스팅에서 깜빡하고 안 올린 1층 전경.
꼭 물품을 구매해야만 2층 뜨개카페를 이용할 수 있는 건 아니다.
걍 계단으로 올라가면 됨.
친구가 바늘이야기에서 산 것들 들고 2층 꼬꼬.
2층에는 서울 연희동 카페가 이뜸⭐️
내부모습
여기가 내가 살면서 가본 카페 중 가장 조용한 곳이었다고 말하면 믿으실는지.
다들 뜨개에 집중하시느라 대화소리조차 조용조용했다.
너무 귀여운 점이 뜨개카페라는 아이덴티티에 맞게 소품들도 다 실로 만든거라는거ㅠㅠㅋㅋㅋ
심지어 화초들까지 전부 손뜨개임ㅋㅋㅋ
갬성 미쵸따리.
요기 2층 연희동 조용한 카페는 가만히 뜨개 할 맛 나겠다 싶은 곳이었다.
책이나 노트북 가져와서 작업하기에도 좋을 듯‼️
내부에 세면대가 있는 점도 좋아서 찍어봤다.
마침 바늘이야기 1층에서 이것저것 만져 찝찝했는데 바로 손 씻을 수 있었음.
주문은 1인 1메뉴이고, 주말이랑 공휴일은 매장이용시간 3시간이라고 한다.
쪽가위가 상비템으로 있다는 점도 신기해서 찍어봤음 ㅎㅎ
메뉴판
바늘이야기 뜨개카페 메뉴판.
가격은 쏘저렴한 편은 아님.
아쉽게도 디저트 종류는 다양하지 않았다.
대신 특색 있는 단추빵과 단추떡이라는 게 있었다
그리고 이런 크로플 라인도 있었음.
이날따라 묵직한 음료가 땡겨서 디저트는 단추떡으로 결정❗️
v문앎이 주문한 메뉴는 요거v
아이스크림 밀크티 | 7,000원 x 2잔
우리쌀 단추떡 플레인+꿀 | 3,500원
V서울 연희동 조용한 카페에서 먹은 것들V
메뉴후기
아니 친구 쇼핑한 거 구경하다가 늦게 가져와서 다 녹았쏘효. 나온 지 몰랐💧💧 우리 잘못.
➰아이스크림 밀크티
위에 아이스크림🍦이 실타래🧶처럼 올라갔다.
뜨개카페에 걸맞은 컨셉츄얼한 디자인.
실타래 모양이라서 그런 지 더 부드럽게 느껴지는 거 같았다.
맛있었음🔅🔆
아래는 살짝 언 밀크티가 있어서 투썸의 로얄밀크티쉐이크 느낌도 언뜻 났다.
그거 단종된대서 슬펐는데 여기서 먹으면 될 듯🎶
➰단추떡
단추떡은 여러 가지 맛이 있었는데 우리는 플레인으로 시켜봤다.
맛만 보려고 하나만 시켰는데 꿀을 어마 무시하게 많이 주심👀
서울 연희동 조용한 카페 | 바늘이야기 뜨개카페
재생
0
좋아요
0
00:23

접기/펴기
서울 연희동 조용한 카페 | 바늘이야기 뜨개카페
조그맣지만 그래도 커팅 해서 먹깈ㅋㅋㅋ
떡이라 찰기가 있어서 자르기도 쉽지 않다.
쫀득쫀득 딱 구운떡 느낌.
플레인이라 아무것도 안 들어 있을 줄 알았는데 견과류가 있었다. 덕분에 더 고소해짐.
찰떡마냥 쫀득쫀득.
꿀에 찍어 먹으니 달달함이 가미돼서 더 맛나게 먹었다.
다만 남은 꿀이 너무 아까울 뿐⭐️
그리고 남은 시간은 친구 뜨개질하는 거 구경하면서 보냄.
나중에 완성샷도 보여줬는데 귀여웠다 ㅎㅎㅋㅋㅋ
AHM-BIGDATA-STORAGE :)
정리하자면,
✔️서울 연희동에서 조용한 카페 찾으신다면 요기
✔️진짜 다들 초집중하시느라 개조용함
✔️꼭 뜨개인 아니더라도 와도 되니 걱정 노노
그럼 오늘 내돈내산
바늘이야기 2층 뜨개카페 포스팅 끝! 안녕!
위치 정보 🔽
50m
© NAVER Corp.
바늘카페
서울특별시 서대문구 연희로11가길 15 2층
#내돈내산
글 · 사진 · 영상 ⓒ 문앎 all rights reserved
저작자 명시 필수
영리적 사용 불가
내용 변경 불가
태그
#내돈내산
#연희동카페
#서울연희동카페
#연희동카페추천
#연희동조용한카페
#바늘이야기
#바늘이야기카페
#뜨개카페
#뜨개카페바늘이야기
#서울뜨개카페
#뜨개카페서울
공감 47
이 글에 공감한 블로거 열고 닫기
댓글 7
이 글에 댓글 단 블로거 열고 닫기
블로그 보내기
카페 보내기
Keep 보내기
메모 보내기
기타 보내기 펼치기





인쇄"
카페 슬로우플로우,경기도 김포시 김포한강11로140번길 116 슬로우플로우 1층 카페,37.6475742,126.6819604,"knitting
김포 뜨개 카페 슬로우플로우 매장 방문 뜨개모임
심집사 ・ 2025. 3. 17. 18:39
URL 복사 이웃추가
본문 기타 기능
위치카페 슬로우플로우
김포 운양동에 뜨개 카페 & 공방 슬로우플로우 매장이 있다는 얘기를 듣고 시간 맞는 뜨친들과 구경하러 방문해 보았어요
입구부터 알 수 있는 뜨개카페 모먼트
대형 뜨개 선인장 두둥 🌵
카페 공간, 실 쇼핑 할 수 있는 매장이 따로 구분되어 있어요
이날 여기에서 뜨개모임 하기로 해서 우선 카페부터 입장
생각보다 공간이 넓어 답답하지 않고 앉을 자리도 많았던 카페 슬로우플로우
귀여우면서도 따뜻한 느낌의 아기자기한 뜨개 소품이 곳곳에 배치되어 있어 아늑한 인테리어에 크게 한몫 하는듯
뜨개인들은 여기저기 사진 찍느라 정신이 없었다는 📸
커피 음료 가격도 괜찮은 편
입구 쪽에 코바늘로 만든 키링 / 동전지갑 / 수세미 등 귀엽고 아기자기한 뜨개소품 완제품 으로도 판매 하시는 것 같았어요
카페에서 시간을 조금 보낸 뒤 맞은 편에 있는 매장으로 출동
니트프로 마인드풀 등 대바늘 / 코바늘 뜨개 바늘 용품들이 가득
여러가지 콘사 볼실 손염색실 도 보이구요
슬로우플로우 쇼핑몰 에서 판매하는 실의 색감을 직접 볼 수 있고 만져볼 수 있어 참 좋았어요 😍
직접 뜬 작품들이 걸려있어서 만지작만지작
여기 천국이다 진쯔 💕
작년 여름을 휩쓸었던 메탈실 흠 이런 감촉이었군요
서늘하고 질긴게 여름가방으로 뜨면 시원하고 편하게 잘 쓸 것 같아요
갸아악 이거 뭐야 너무 귀엽잖아아악!!!
꼬불꼬불한 부클실로 뜬 인형에 선글라스 포인트 뭔데뭔데 🫢💕
폭풍같은 매장 구경을 마치고 다시 카페로 돌아와 뜨친들이 가져온 귀요미 악세사리 구경
개인적으로 첫 오프라인 뜨개모임 참석한거라 두근두근했었는데 역시 같은 취미로 하나되는 공감대가 있어서인지 씐나게 수다떠느라 시간가는줄 몰랐어요 😆
생각지도 못하게 귀염뽀짝한 선물도 받고 흐흐흑
냥집사는 숨길 수 없는 법 😺
뜨친님의 롱로즈플라이어 덮개 보고 귀여워서 누울뻔
냥집사 뜨개인들의 모임이라 이날 귀여운 고양이 모양 뜨개소품 실컷 봤습니다 행복해요 🥰
즉석에서 뚝딱 만들어주신 마커링 걸어 뜨개 갬성샷 남겨야죠 🙏
뜨개모임할때는 쉽게 뜰 수 있는 편물을 챙겨와서 손은 무념무상 귀와 입은 대화에 열려있어야 한다는 것을 배웠어요
이날 가져간게 하필이면 가장 집중을 요하는 부분이어서(새글런) 결국 마이너스 뜨개 했다는 후문 🥲
쇼핑한 분들 덕분에 서비스로 받은 실 단체샷
수세미나 샤워타올 떠야지 😁
뜨개 하기에 편하고 넓은 공간이라 카뜨 뜨개모임 하시는 분들이 구경하기에 좋았던 카페 슬로우플로우
매장 분들도 다들 너무 친절하시고 온라인몰과 가격도 동일해서 실제로 만져보고 살겸 또 방문해야 할 것 같아요 😍
카페 슬로우플로우
경기도 김포시 김포한강11로140번길 116 슬로우플로우 1층 카페
태그
#뜨개카페
#김포뜨개공방
#슬로우플로우
#뜨개모임
#운양동카페
#뜨개
#뜨친자
공감 10
이 글에 공감한 블로거 열고 닫기
댓글 7
이 글에 댓글 단 블로거 열고 닫기
Keep 보내기
메모 보내기
기타 보내기 펼치기





인쇄"
바늘이야기 연희점,서울특별시 서대문구 연희로11가길 15,37.5674563,126.9291304,"Hobby
뜨개러의 천국, 서울 뜨개 카페 바늘이야기 연희점 후기, 주차
경자 ・ 2024. 11. 10. 21:59
URL 복사 이웃추가
본문 기타 기능
뜨개러의 성지가 여기에,
서울 뜨개 카페
바늘이야기 연희점
방문 후기 요약
📌 실 종류부터 색까지 가득해서 황홀하다
📌 카페에는 평일에도 사람이 꽤 있었다
📌 실물보고 고르기에는 진짜 최고다
Next image
📍 주소
서울 서대문구 연희로11가길 15
📅 영업 시간/휴무일
매일 10:00 - 20:00
(추석, 설 당일 휴무)
📞 연락처
02-771-9771
5m
© NAVER Corp.
바늘이야기 연희점
서울특별시 서대문구 연희로11가길 15
바늘카페
서울특별시 서대문구 연희로11가길 15 2층
위치 및 주차 정보
바늘이야기는 지하철역에서
바로 오기에는 거리가 있어요.
2호선 신촌역에서는 걸어서 30분,
홍대입구역에서는 걸어서 20분 정도
소요됩니다.
내려서 마을버스 타면
인근에 내려주니 참고하세요.
주차 1번 옵션 사러가 마트
최초 30분 1,500원
이후 10분당 1,500원
최초 30분 1,500원
[사러가 쇼핑센터 쇼핑 시 할인]
1만원 이상 30분 무료
3만원 이상 1시간 무료
5만원 이상 1시간 30분 무료
슈퍼마켓, 임대 합산 최대 1시간 30분
바늘이야기 자체 주차 공간은 없어요.
주차 첫 번째 옵션은 바로 앞에 있는
사러가 마트를 이용하시는 거에요.
다만 할인 시간이 짧은 편이기도 하고
길게 이용하면 금액이 좀 부담스러운 편이에요.
주차 2번 옵션 모두의 주차장
모두의 주차장 어플 활용
주변 거주자 주차구역이나
건물 주차장을 시간권 구입해서 사용
다음 옵션은 모두의 주차장.
주변에 마땅한 주차장이 없을 때나
저렴하게 이용하고 싶을 때
빼먹을 수 없는 어플 중 하나에요.
바늘이야기 연희점은
샵, 카페, 아카데미와 스튜디오가
함께 있는 건물이에요.
네이버 지도에서도 검색하면
바늘이야기 연희점,
서울 뜨개카페인
바늘 카페가 각각 뜨더라구요 -
도착하면 입구에 벌써 겨울 분위기 물씬 나는
트리도 에쁘게 장식되어 있어요.
괜히 기분 좋아서 사진 한 장 남겨왔네요:-)
1층 바늘이야기 샵
이날 연희동 팝업스토어 때문에 들렀다가
지근거리에 바늘이야기가 있어서
잠깐 구경하고 왔어요.
바늘이야기 연희점 입구부터
한쪽 벽 전면에 타래실이 색색깔로
전시되어 있어요.
파주 지혜의 숲도 그렇고,
코엑스 별마당도 그렇고,
이렇게 전면으로 무언가 가득찬
인테리어는 정갈함과 함께
압도되는 분위기를 만드는 것 같아요-
어떤 걸 만들지,
어떤 색을 고를지 고민되는 분들은
이렇게 코바늘 패키지도 파니까
하나 사서 그대로 만들어보셔도 되겠더라구요.
곳곳에 완성 샘플들이 있어서
눈도 즐겁고, 뭘 만들지 아이디어도 얻고,
이 실로 떴을 때 어떤 느낌인지
실제로 보고 확인할 수 있어서 좋았어요!
매장 내부도 크고 넓은 편이라서
곳곳을 구경하는 재미가 쏠쏠해요.
실별로 색상들도 모두 볼 수 있고,
다른 실과 비교도 할 수 있으니까
실물 궁금하신 분들에겐 딱일 것 같아요~
한번도 안본 사람은 없어도
한번만 본 사람은 없을 김대리님ㅋㅋㅋ
저도 엄청 많이 봤었는데,
여기서 보니까 괜히 내적 친밀감 상승
실뿐만 아니라 도안도 팔고 있어서
구경하다 마음에 드는 도안은
번호를 적어두거나 사진을 찍어두고서,
컴퓨터나 책에서 찾아 구매할 수 있어요.
보기만 해도 기분 좋아지는
형형색색 타래실의 세상-
제가 방문했을 때가 평일 1시쯤이었는데도,
방문객이 생각보다 더 많았고
외국인 분들도 많이 오시더라구요.
바늘이야기 연희점의 또다른 장점 하나,
판매되는 실로 만든 스와치를 실물로 볼 수 있어요.
소품류는 덜한 편이지만,
의류를 만드시는 분들은 실제 작품 뜨기 전에
꼭꼭 확인하는 샘플 스와치!
뜨개러마다 장력이 달라 크기 차이는 있겠지만,
실 자체의 특성을 보기에 너무 좋더라구요.
저는 톡톡하면서도 금사가 중간중간 섞인
필 로맨티코, 필 쿠튀르가 맘에 들어서
일단 찜콩해서 찍어왔어요.
뜨개질 속도가 어마어마하게 느려서
옷 만들기엔 한 세월이겠지만..
쁘띠 목도리정도는 괜찮지 않을까나..
한 번 뜰 때 여러 볼을 구매해야 하는 경우엔
이렇게 팩 포장된 걸로 구매도 가능하구요 -
바늘이야기의 100% 코마면,
자연은 한쪽 벽면에 모든 색상이 하나씩
줄을 맞춰 전시되어 있어요.
원색 계열부터 파스텔톤까지
색깔이 엄청 다양하더라구요.
어느 벽면을 봐도,
어느 디스플레이 장을 봐도
뜨개실이 가득가득한 여기는 천국잉가
온갖 색상으로 가득한 곳이다 보니,
다른 곳을 가야하는 바쁜 일정이라
휙휙 둘러보는데도
무슨 컬러테라피 하는 마냥
기분이 엄청 좋아지더라구요.
매장 안쪽 벽에는 부자재와
뜨개질 도구들이 진열되어 있어요.
친구한테 뜨개질 영업하실 분들은
여기 와서 실부터 도구까지
슬쩍 선물해주셔도 괜찮을지도요..?
에티모 코바늘,
조립형 대바늘로 유명한
튤립도 실물을 볼 수 있구요-
역시 대바늘로 유명한
니트프로도 디피되어 있어요.
가방 바닥을 비롯해
다양한 부자재도 여기서 구할 수 있어요.
스와치는 아까 벽면 말고도
요렇게 중간중간 실 있는 곳에도
걸려 있어서 같이 확인하기에 좋아요.
저는 완전 뜨린이라 옷은 아직
시도도 못할 수준이긴 하지만 -
이렇게 뜨개질로 만든 옷 샘플들도
진열되어 있으니 함께 구경하시면 좋겠더라구요.
2층 바늘 카페
1층을 후다닥 둘러보고
2층 뜨개 카페도 잠깐 보고 왔어요.
와, 근데 평일 점심시간을 갓 넘긴
시간대에 들렀는데도
2층 카페에 사람들이 엄청 많이 계시더라구요..?
저는 앉을 시간은 없으니
간 김에 사진 찍어와야겠다!
하고 올라갔는데
어린 학생분들부터 어머니들,
외국인까지 엄청 다양한 분들이
카페에 앉아 뜨개질을 즐기고 계셨어요.
그래서 사진을 많이 찍어오진 못했다는 점^.ㅜ
서울 뜨개 카페를 찾으시는 분들은
진짜 이곳이 천국이 아닐까 싶어요.
다양한 실을 직접 보고 고르고 싶은 분들,
서울 뜨개 카페에서 여유로운
뜨개 시간을 만끽하고 싶은 분들!
바늘이야기 연희점,
바늘 카페 추천드려요❤
저작자 명시 필수
영리적 사용 불가
내용 변경 불가
태그
#바늘이야기
#바늘이야기연희점
#바늘카페
#뜨개카페
#서울뜨개카페
#뜨개러의천국
#뜨개질
#뜨개질카페
#김대리
공감 22
이 글에 공감한 블로거 열고 닫기
댓글 6
이 글에 댓글 단 블로거 열고 닫기
블로그 보내기
카페 보내기
Keep 보내기
메모 보내기
기타 보내기 펼치기





인쇄"
니틴,부산광역시 부산진구 동성로39번길 19 2층,35.1539123,129.0673171,"cafe
전포동 뜨개 카페, 니틴 (nittin)
sosangc ・ 18시간 전
URL 복사 이웃추가
본문 기타 기능
최근 오픈한 카페들 중에서 제일로
가보고 싶었던 니틴,
뜨개질 잘하고 싶었던 나자신은
여러 차례 원데이 클래스를 수강했지만
실패의 쓴맛을...
고마 잘하는 걸 계속 잘 하자 싶어서
눈으로만 즐기고 있는 뜨개질
아주아주 무더운 여름날 출동해본 니틴!
50m
© NAVER Corp.
니틴
부산광역시 부산진구 동성로39번길 19 2층
⏰ 매일 10:00 ~ 19:00
(현재 가오픈 중으로 추후 변동 가능성 있음)
🅿️ 주차불가
🪑 1~2인용 좌석
🐶 반려동물 동반가능
🧶 뜨개용품 판매
니틴(@nittin_busan) • Instagram 사진 및 동영상
팔로워 659명, 팔로잉 0명, 게시물 5개 - 니틴(@nittin_busan)님의 Instagram 사진 및 동영상 보기
www.instagram.com
브런치카페였던 썸머의 자리라
카페러버라면 찾기 너무 쉬운 곳이다.
전체적인 구조는 비슷하지만 (당연한 소리)
니틴만의 색깔이 너무나 잘 묻어나게
잘 꾸며져 있어 업그레이드된 느낌이다.
가는 길에 만난 파아란 여름 하늘, 이뻐서
요 입간판 보고 들어가서
2층으로 올라가면 반겨주는
아기자기한 공간, 니틴
벌써부터 설렘지수 대폭발
공간이 너무 예뻐
사진이 아주아주 많으니
공간별로 소개해보겠음둥 🙇🏻‍♀️
탁트인 구조로 완성된 사장님의 공간
들어오자마자 보이는 요 부분은
따뜻한 음료를 주문하면 내어주는
예쁜 찻잔들이 놓여져 있다.
하나하나 다 예뻐서 방문할 때마다
다른 찻잔에 마셔보고 싶다.
패브릭으로 만든
전등커버 무슨일, 너무 예쁘다.
뒤에 있는 창문으로 촤르르 들어온 빛이
주방 공간을 환하게 비춰준다.
덕분에 갬성 넘쳐나요.
뜨개 컨셉의 카페답게
군데군데 어울리는 소품들이 놓여져 있는데,
요론고 찾는 재미도 쏠쏠하다.
거북이는 선물받은거래요,
저 처럼 판매용이냐고 물어보는 분들이 많았나봄요.
탐나니까 가로로도 담아보는 행북이
여기엔 뜨개로 만든 커버!
니틴 분위기에 찰떡콩떡팔떡이다.
색감 조합도 짱짱짱.
니틴의 분위기를 지배하는
뜨개질 진열장!
알록달록 예뻐서 전체적으로
발랄한 분위기를 완성한다.
천장에 숨은 털실 찾기!
곳곳에 완성품이 있는데
요곤 판매용은 아니고 샘플!
실을 작품으로 완성했을 때의
느낌을 보라고 만들어 놓으셨단다.
저 조끼 탐났는데 판매용이라 아수워.
팔아주세요 제발요.
요기 있는 실은
자투리 실로 일정 무게 이상의 실과
아나바다하거나, 저렴하게 구매 가능하다.
사장님 공간 염탐하기!
사장님 근데 진짜 부지런하신게
카페도 운영하시고
틈틈히 작품도 만들시고
고양이도 키우시고
쌍쌍따봉 드립니다.
어딜 봐도 예쁜 니틴 구경하기
뜨개 문양으로 만든 도자기컵!
고요라는 브래드건데 나도 눈여겨 보고 있었다.
실물 영접하니 지름신이 더욱 더 드릉드릉하네
구 썸머가 생각나는 과일액자
아이스아메리카노 6,000원
아이스말차라떼 7,000원
쿠키 2종 2,500원
모든 커피류는 드립으로 준비된다.
그래서 맛이 진짜 깔끔하고 신선하다는 느낌이 팍팍!
그리고 머신소리가 나지 않아 전체적으로
고용하고 조용한 분위기다.
니틴 독점 쿠키!
실타래 모양 버터 쿠키!
1인 4개 가능한 맛이요!
구경하다가 예뻐서 담은 나의 것들!
요즘 프랑스 자수 다시 시작했는데
완성품에 달아봐야지!
니튼 분위기 너무 마음에 들어
새로운 방앗간 될 것 같다.
오전 10시부터 영어시작하는거
가오픈 이후에도 변동 안 되길!
공감 2
이 글에 공감한 블로거 열고 닫기
댓글 쓰기
이 글에 댓글 단 블로거 열고 닫기
Keep 보내기
메모 보내기
기타 보내기 펼치기





인쇄"
누뗀,서울특별시 서초구 청계산로 119 지하1층~2층,37.4537511,127.05127,"서울맛집
청계산입구역 디저트맛집 뜨개카페 누뗀 Nutten
지구루트 ・ 2025. 7. 9. 0:06
URL 복사 이웃추가
본문 기타 기능
위치누뗀
뜨개질 하는 사람들한테는 유명한 청계산입구역 디저트맛집 뜨개카페 누뗀(Nutten) 소개해드리겠습니다!
뜨개카페 누뗀
뜨개카페 누뗀(Nutten)에서 가장 가까운 지하철역은 청계산입구역이에요.
역에서 도보 10분 거리에 있습니다.
가게 바로 앞에 주차장도 있어서 자차를 가져오셔도 돼요.
뜨개카페라서 그런지 입구부터 감성이 넘치는 것 같아요.
2층 구옥을 개조했다고합니다.
뜨개질 하는 분들이 오시면 바로 텅장될만한 것들이 많이 있습니다.
뜨개질로 만든 완제품들도 많이 있어요.
너무 귀여웠던 키링!
가방에 넣고다닐만한 작은 거울이 없는데,
이 코알라 거울 너무 귀여워서 사고싶었어요.
가격도 7,000원으로 합리적입니다.
DIY 아코디언백 18,000원
DIY 여름 마르쉐백 탄 25,000원 / 탄블랙 29,000원 / 화이트블랙 29,000원
여름조끼실, 리듬보헤어, opal uni, 알파카, 수입사, 트위드실, 각종 컬러 실들이 종류가 정말 많아요.
초보자용 DIY키드도 있습니다.
보이프렌드 니트패키지, 대바늘 네트백, 코바늘 크로켓 레이스, 바라클라바, 레그워머, 체키보드 목도리 패키지, 실버 네트백 등 종류가 다양해요.
여름에 들고다니기 좋은 가방들도 정말 많습니다.
저는 보이프렌드 니트 베스트가 가장 탐나더라구요.
네트백도 가볍고 실용성 있어보여서 탐났습니다.
청계산입구역 디저트맛집 뜨개카페 누뗀에는 커피와 에이드와 티종류가 있고
샌드위치, 휘낭시에, 디저트도 있어요.
뜨개카페라 디저트는 큰 기대 없었는데
디저트 종류도 꽤 있더라고요.
디저트는 피스타치오 라즈베리 케이크를 주문했습니다.
8,500원이에요.
아이스아메리카노랑 같이 먹으니까 맛있었어요.
디저트맛집인듯?
뜨개카페 누뗀은 지하 포함 총 3개의 층을 사용하고있어서 자리는 많아요.
하지만 1층에 이렇게 좋은 자리들은 차있고 지하에는 자리가 많이 남아있습니다.
지하도 엄청 넓어서 하루종일 뜨개질하기에 좋은거같아요.
여기가 진짜 명당 자리!
1시간 이용 제한이 있습니다.
저희도 다른 자리에 앉아있다가 자리가 비어서 저기로 이동했는데, 통창으로 보이는 푸릇푸릇한 나무가 정말 예뻤어요.
청계산입구역 디저트맛집 뜨개카페 누뗀 Nutten
재생
6
좋아요
0
00:03

청계산입구역 디저트맛집 뜨개카페 누뗀 Nutten
제 친구가 뜨개 장인인데 여기서 실 사서 앉은자리에서 바로 키링을 만들더라고요.
완전금손! 저도 뜨개질 잘하고싶다고 느낀 하루였습니다
🧶🪡🧵
50m
© NAVER Corp.
누뗀
서울특별시 서초구 청계산로 119 지하1층~2층
예약
저작자 명시 필수
영리적 사용 불가
내용 변경 불가
공감 107
이 글에 공감한 블로거 열고 닫기
댓글 5
이 글에 댓글 단 블로거 열고 닫기
블로그 보내기
카페 보내기
Keep 보내기
메모 보내기
기타 보내기 펼치기





인쇄"
누뗀,서울특별시 서초구 청계산로 119 지하1층~2층,37.4537511,127.05127,"맛집
(서울 뜨개카페) 누뗀 nutten / 영업,이용시간,주차정보
뿡림 ・ 2025. 2. 14. 14:04
URL 복사 이웃추가
본문 기타 기능
안녕하십니까?
조뿡림입니다.
얼마전 코위찬 패키지를 사러 누뗀을 다녀왔는데요!
비록 패키지는 사지 못했지만,,, (솔드아웃 이슈)
찍어온 것들 기록해볼게용
50m
© NAVER Corp.
누뗀
서울특별시 서초구 청계산로 119 지하1층~2층
예약
누뗀
월-일 10:30-19:00 (수요일 휴무)
라스트 오더 18:30
주차가능/반려동물 동반가능
0504-1368-9215
누뗀은 뜨개인들 사이에서는 엄청 유명한
뜨개카페에요 ㅎㅎ
반려동물 동반도 가능하다니 더 좋군
간만에 운전할 생각에 설레는 마음으로 출발했다죠,,,
누뗀내의 주차장은 협소해서
맞은편 주차장 이용하시는게 훨씬 나아용
주차장을 찾기가 조금 어려웠는데 렌터카다모아라는 작은 건물 건너편에
연두색 펜스쳐진 곳으로 들어오심 됩니당
평일오전이라 그런지 자리는 여유로웠어요~
넘 예쁜 누뗀 외관!
실제로 보니 더 예쁨
이런거 하나하나 사장님 센스가 느껴져요
날 좋을땐 야외테라스도 이용할 수 있겠어요!
메뉴 종류가 굉장히 다양해요~!
디저트류도 종류가 제법 많아요
그리고 누뗀 잠봉뵈르가 그렇게 유명하다던데,,?
다음에 오면 먹어보는걸로!
Next image
매장에 전체적으로 햇살이 들어오는게 좋아요!
생각보다 더 넓찍하고 조용해서 좋더라구요
다들 뜨개를 열심히 하고 계셨습니당
담엔 나도 편물 가져와야징
패키지도 구입하실 수 있는데용
실물을 보고 구입가능해서 좋더라고요
누뗀 사장님 감성은 정말 쵝오
꼭 해외에 뜨개샵 온듯한 느낌,,(안가봄)
누뗀의 포토존!
포토스팟을 위해 비워두셨더라그요
눈오는날 오면 정말 예쁠거같아요
제가 1시간을 달려 누뗀에 간 이유
바로 요 코위찬 때문인데요
핑크 브라운,, 실물로 보고 마음을 빼앗기다,,
그런데,, 직원분께 여쭤봤더니ㅠ
이미,, 다 팔렸다는거에요,,
인스타를 잘 안해서 사장님 스토리만 보고 달려간건데
이미 패키지 오픈날 오픈런이 있었더라고요...?^^...
실화냐고
뭐 어쩌겠습니까,,
그냥 집에 왔듭니다!
암튼
Next image
카페는 2층도 넓직하게 있어요~!
2층 창가 소파자리는 이용시간이 1시간으로 제한되어 있다고해요!
이 점 참고하셔서 자리 잡으시면 되겠습니닷
아이코드리본도 예쁘고,,
내가하면 쭈구리 방탱이가 되던데 흠냐
꼭 뜨개가 아니어도 분위기 좋은 카페라 데이트 장소로도 추천드립니닷
그리고 저는 누뗀 다녀온 다음날 뜨케팅을 성공하여 코위찬을 획득했습니당
핑크 브라운 시킬랬는데,, 너무 떨려서 크림/그레이 시킴
근데 이게 더 맘에 듦
;;
지금 뜨는거 마저 뜨고 언능 캐스트온 해볼께요!
오늘도 읽어주셔서 감쟈합니다
뜨개러분들 서이추 환영합니당~~~~
태그
#뜨개카페
#서울뜨개카페
#뜨개질카페
#누뗀
#뜨개사계절
#뜨개패키지
#뜨개사계절코위찬
#누뗀카페
#서울잠봉뵈르
#양재카페
#양재꽃시장카페
#뜨이추환영
#뜨개초보
#서이추
#서이추환영
공감 29
이 글에 공감한 블로거 열고 닫기
댓글 28
이 글에 댓글 단 블로거 열고 닫기
블로그 보내기
카페 보내기
Keep 보내기
메모 보내기
기타 보내기 펼치기





인쇄"
바늘이야기 파주직영점,경기도 파주시 탄현면 법흥로 100-1,37.7765751,126.706411,"DIY 만들기 취미
파주 이색카페 뜨개질 카페 손뜨개 재료 바늘이야기 파주점
가을사랑 ・ 2024. 10. 1. 23:38
URL 복사 이웃추가
본문 기타 기능
몇년에 한번씩 주기적으로 빠지게 되는
손뜨개ㅎㅎㅎ
한달 전쯤 우연히 바늘이야기 김대리님
유튜브 영상을 보다가 태어나서 처음으로
코바늘 뜨기로 가방을 만들었는데 너무
재미있어서 요즘 뜨개질 재미에 푹~~
빠져있어요^^
이미 뜨개인들의 성지로 불리고 있는 뜨개카페
연희동 바늘이야기는 벌써 3번이나 다녀왔네요.
그러다 파주 이색카페로 인기있는 파주점까지
다녀오게 되었어요.
50m
© NAVER Corp.
바늘이야기 파주직영점
경기도 파주시 탄현면 법흥로 100-1
■ 주소 : 경기도 파주시 탄현면 법흥로 100-1
■ 전화번호 : 070-4610-0018
■ 영업시간 : 10시 ~ 19시
(매주 월요일 정기휴무)
파주 이색카페 바늘이야기 파주직영점은
일단 자차를 이용하면 매장 앞에 넓은 주차장이
준비되어 있어서 주차 걱정없이 매장과 카페를
이용할 수 있어요.
뜨개카페 바늘이야기 파주점은 1층은 손뜨개와
관련되 재료 구입할 수 있는 매장이 준비되어
있고 2, 3층은 카페로 구성되어 있어요.
생각보다 이른 시간에 방문했는데도 주차장에
차도 많고 매장과 카페에도 손님이 많은 걸 보니
뜨개인의 성지가 맞나보네요.
인테리어는 먼저 다녀왔던 연희점과 거의 비슷
하고 매장 규모는 조금 더 큰 것 같아요.
갈 때마다 느끼는거지만 다양한 색상을 실을
이용해서 인테리어 되어 있는 점도 독특하면서
멋스러워요.
멋진 입구를 지나면 이렇게 실과 바늘을 비롯
해서 다양한 부자재들이 고급스럽게 진열되어
있어서 편하게 구경하고 원하는 재료들 선택
하면 되는데요.
형형색색의 실을 보면 그냥 왔다가도 뭐하나
떠볼까? 하는 생각을 하게 되는 뜨개카페
바늘이야기 파주점이에요.
손뜨개에 하려면 실만 필요한게 아니잖아요.
그 외에 필요한 재료들도 다 준비되어 있어요.
뜨개인의 성지로 잘 알려져 있지만 처음 방문하는
분들도 많으실텐데요.
매장을 구경하면서 마음에 드는 샘플을 선택한 후
샘플에 달려있는 패키지 택에서 난이도를 확인
하고 사진을 찍어 필요한 실과 바늘 그외에
부재료, 도안 등을 구입하면 되는데요.
처음 하는 분들은 레벨 1-4 추천히구요.
동영상 강의가 있는지 꼭!! 확인해요.
아무래도 저처럼 초보자는 동영상 설명이 편해요.
김대리님 니트 관련 책들도 판매하고 있구요.
샌드위치처럼 예쁘게 포장되어 있는 패키지
제품들도 눈에 들어오네요.
가방 만든 후에 확실히 예쁜 라벨을 붙이면
더 고급스럽고 예쁜데 다양한 라벨도
판매하고 있어요.
단추 그립톡 만들 수 있는 패키지도 판매하고
있어요.
바늘이야기 니트 샴푸와 섬유유연제도
구입할 수 있구요.
파주 이색카페들 있긴 하지만 이렇게 손뜨개
재료들을 사고 직접 떠 볼 수 있는 곳은 처음이라
커피 마시러 왔다가 실과 바늘 구입해서 뜨는
분들도 많으시더라고요.
이렇게 예쁜 니트 샘플들을 보고 있으면 겨울에
입을 가디건이나 조끼 한번 떠 볼까 하는
생각을 저도 하게 되네요.
태어나서 처음으로 코바늘로 손가방 만들어
요즘 최애 가방으로 잘 들고 다니는 중이라
또 가방을 떠 볼까 기웃기웃ㅎㅎㅎ
그러다 니트를 보면 또 니트도 뜨고 싶고ㅋㅋㅋ
이게 또 중독되니까 무섭네요ㅎㅎㅎ
이제 아침, 저녁으로 날씨도 쌀쌀한데 더 추워
지기 전에 따뜻한 목도리도 떠 보고 싶구요.
그래도 첫 작품이 가방이었어서 그런지 자꾸
가방만 눈에 들어오네요ㅎㅎ
모자도 샘플이 다양하게 준비되어 있어요.
손뜨개 작품 관련된 도안도 준비되어 있어요.
저도 얼른 도안만 보고도 뜨고 싶은데 아직은
그 정도의 실력은 안되서 아쉬워요.
아이들 니트는 작고 너무 귀여워서 자꾸
보게되네요.
쁘띠 목도리와 양말같은 소품도 만들 수 있다니
역시 뜨개카페가 인기있는 이유가 있네요.
매장에서 실을 샀다면 2층, 3층에서 커피나
음료 구입해서 편하게 앉아서 뜨개질을 할 수
있어요.
2층 카페로 올라가니 인테리어 소품들도 이렇게
뜨개질로 만들었더라고요.
너무 귀엽고 앙증 맞아서 한참을 봤어요.
바늘이야기 파주점은 뜨개질 카페이기도 하지만
많은 분들이 커피를 마시기 위해 찾아주시는
카페라 분위기도 고급스러워요.
오전에 방문했을 때는 손님이 없어서 몇장 찍어
봤는데 1시 넘으니 자리가 만석이 되더라고요.
역시 파주 이색카페로 소문난 곳이 맞나보네요.
그냥 커피마시러 오신 손님들도 있지만 대부분은
뜨개질을 하러 오신 분들이더라고요.
요즘에는 다른 사람들 시선 때문에 편하게 뜨개질
하기도 어려운데 여긴 마음 편하게 커피 마시면서
손뜨개 할 수 있어서 좋아요.
아이스커피와 까눌레 주문했는데 솔직히
손뜨개 재료 사는 뜨개질 카페라 커피맛은
별 기대 안했거든요^^
그런데 세상에나 커피가 너무 신선하고 맛있어요.
개인차가 있겠지만 제 입에는 부족한 점을
찾을 수가 없을 정도로 맛이 좋더라고요,.
그래서 그냥 커피 마시러도 많이들 오시는
곳인가봐요.
까눌레를 비롯해서 커피와 함께 먹을 수 있는
베이커리류도 매장에서 직접 굽는지 빵 굽는
냄새가 솔솔~~ 나더라고요.
2층 카페에 앉으면 이렇게 앞은 잔디가 깔려 있어
서 가족단위로 오신 분들은 아이들이 편하게
뛰어 놀 수 있더라고요.
뜨개질 하는 분들은 한번쯤은 다녀갔을
뜨개인들의 성지 바늘이야기 파주점!!
손뜨개 재료도 구입하고 맛있는 커피 마시면서
뜨개질 해 보아요.
파주 이색데이트 즐길분들에게도 추천해요.
저작자 명시 필수
영리적 사용 불가
내용 변경 불가
태그
#포토덤프챌린지
#일상포토덤프
#바늘이야기
#바늘이야기파주
#손뜨개재료
#뜨개카페
#뜨개질카페
#파주이색카페
#파주이색데이트
공감 12
이 글에 공감한 블로거 열고 닫기
댓글 3
이 글에 댓글 단 블로거 열고 닫기
블로그 보내기
카페 보내기
Keep 보내기
메모 보내기
기타 보내기 펼치기





인쇄"
누뗀,서울특별시 서초구 청계산로 119 지하1층~2층,37.4537511,127.05127,"c a f e
서울 신원동 | 청계산입구역 느좋 뜨개 카페 겸 소품샵, 누뗀
다정 ・ 2025. 6. 14. 23:59
URL 복사 이웃추가
본문 기타 기능
위치누뗀
누뗀
서울 서초구 청계산로 119 지하1층~2층
영업시간
매주 일요일 - 화요일
10:30 - 19:00
18:30 라스트오더
매주 목요일 - 토요일
10:30 - 19:00
18:30 라스트오더
매주 수요일 휴무
주차
카페 맞은편 공터에 주차 가능
_누뗀(@__nutten) • Instagram 사진 및 동영상
팔로워 16K명, 팔로잉 1명, 게시물 120개 - _누뗀(@__nutten)님의 Instagram 사진 및 동영상 보기
www.instagram.com
#누뗀
50m
© NAVER Corp.
누뗀
서울특별시 서초구 청계산로 119 지하1층~2층
예약
예전부터 저장해 뒀던 카페인데 오늘 강남 결혼식이 두 탕이라 시간 남은 김에 방문했다.
입구부터 분위기가 좋아버리는 신원동 카페 누뗀
청계산입구역 카페 누뗀은 여기저기에 갖가지 귀여운 소품들을 많이 배치해 두셨다.
특히나 뜨개질 소품이 많았는데 뜨개질 클래스부터 뜨개질 용품, 디자인 등 (?) 다양하게 구매할 수 있었다.
메뉴판
메뉴판
메뉴판 사진이 좀 잘렸는데,, 우리는 아이스 아메리카노 한 잔이랑 시그니처 메뉴인 리본 딸기 라떼를 주문했다.
다 판매하고 있는 뜨개 소품들
가방이며 모자며 종류가 다양했다.
또 다른 공간으로 뜨개 용품들을 구매할 수 있었다.
실부터 도안 들어있는 뜨개 키트 (?)도 있었고 괜히 나도 뜨개질 배워보고 싶은 생각이 들게끔 해주는 뜨개 카페 누뗀
카페가 넓어서 그런지 1층 내부에 화장실이 있었다.
이 공간이 예뻤는데 계속 손님이 앉아있다가 없는 틈을 타서 사진 찍었다.
이 자리 나도 앉고 싶네,, ㅎ
박스도 어쩜 이렇게 감성적인지,,
우리는 1층과 2층엔 자리가 애매해서 지하로 내려왔다.
지하 공간은 좀 더 넓은 느낌이다.
공간마다 다른 테이블과 다른 분위기로 꾸며놓은 청계산입구역 느좋 뜨개 카페 누뗀
곰돌이도 귀여워,, 🧸
여기는 2층
이 자리가 제일 편해 보이고,, 제일 앉고 싶었던 자리
사람이 있어서 슬쩍 찍어봤는데 통창으로 보이는 사계절 소나무 뷰로 푸릇푸릇하고 너무 예뻤다.
2층에도 화장실이 있어서 좋다.
다만 2층 화장실 층고는 좀 낮다는 점,,?
우리가 주문한 시그니처 딸기 라떼
저 리본 뭐야,, 귀엽잖아 ?
잘 저어서 먹으니 금방 녹아버린 리본
많이 달지 않고 적당히 고소하면서 맛있었고 아이스 아메리카노는 산미 없어서 딱 우리 스타일이라 맛있었다.
예전부터 가보고 싶었는데 드디어 가봐서 더 좋았다.
특히 서초에서 주차도 가능한 카페라 더 🫧 🫧
태그
#누뗀
#느좋카페
#서초느좋카페
#청계산입구역카페
#신원동카페
#신원동카페추천
#청계산입구역카페추천
#뜨개카페
#강남카페
#서초주차가능한카페
#강남느좋카페
#서초디저트
#신원동디저트
#신원동디저트카페
#청계산입구역디저트
#청계산입구역디저트카페
#서초데이트
#신원동데이트
#청계산입구역데이트
#청계산카페
#청계산카페추천
공감 14
이 글에 공감한 블로거 열고 닫기
댓글 4
이 글에 댓글 단 블로거 열고 닫기
블로그 보내기
카페 보내기
Keep 보내기
메모 보내기
기타 보내기 펼치기





인쇄"
옐로우헤이트,서울특별시 관악구 행운6길 22 1층,37.4806707,126.9609454,"달콤한 하루
서울 뜨개 카페 낙성대역 옐로우헤이트 딸기케이크
나미 ・ 2024. 12. 28. 16:13
URL 복사 이웃추가
본문 기타 기능
위치옐로우헤이트
올해가 가기 전에 가보고 싶었던
서울 뜨개카페 옐로우헤이트,
드디어 다녀왔습니다 ㅎㅎㅎ
역시나 니터에게는 눈 돌아가는
즐거움 가득한 공간이었어요.
딸기케이크 맛집이기도 하구요.
달지 않고 부드러운 생크림에
시트 사이사이에도 딸기가 가득~
일반 조각 케이크보다 먹기도 편하고
예쁘긴 또 얼마나 예쁜지 ❤️
옐로우헤이트
✔️ 서울 관악구 행운6길 22 1층
관악 중학교 정문 바로 앞이에요.
주차 공간이 없기 때문에
차량 이용 시 행운동 제1공영주차장
이용하시면 됩니다. ( 1시간 1,800원 )
매주 월요일 정기 휴무이며
화~일요일 10시부터 21시까지
1월 1일은 임시 휴무일입니다.
임시 휴무나 공지는 옐로우헤이트
인스타 참조하시면 됩니다.
옐로우헤이트(@yellow_hate_) • Instagram 사진 및 동영상
팔로워 906명, 팔로잉 1명, 게시물 66개 - 옐로우헤이트(@yellow_hate_)님의 Instagram 사진 및 동영상 보기
www.instagram.com
실내 공간 : 카페
인스타에서 봤던 것보다 넓은 듯했어요.
조금 이른 시간에 방문해서
손님이 없는 상태라
더 넓어 보였을 수도 있고요
대부분 2인석이고 안쪽에 단체석
통창 앞은 바 테이블로 되어 있어요.
여긴 혼뜨 하기 좋은 공간입니다.
옐로 극혐하는 사장님이 운영하는
공간에 노란옷 입고 오는 패기 ㅋㅋㅋ
실내 공간 : 뜨개 관련
낙성대역 카페는 뜨개를 사랑하는
사장님의 개인 소장용 손염색실과
도서, 완성한 작품도 볼 수 있어요.
실과 도구 구입도 가능합니다.
우측에 걸려있는 실은 판매용,
좌측 하단에 수납된 타래실은
사장님 소장용인데 정말 취저인
컬러들이 가득하더라고요.
원작실인 포스텟 알파카 블루와
화이트로 뜬 베를린 스카프도 있었어요.
개인적으로 블루는 취향 아닌데,
이 색감 너무 예쁘더라고요.
도서와 매거진도 어지간한 공방보다
많아요 ㅎㅎ 매장 내에서 편하게
보고 제자리에 가져도 놓으면 되고요.
당연히 촬영이나 복제는 안됩니다!!
편하게 작업하라고 바구니,
얀홀더, 코바늘, 가위, 줄자,
스티치 홀더, 마커도 준비되어 있고요.
안쪽 행거에 걸려있는 직접 뜬 작품들~
진짜 꼼꼼하시더라고요.
실과 바늘 등 기본 정보와 특이사항을
기록해서 라벨로 달아 놓으셨어요.
나는 맨날 기억력에 의존하는데 ㅋㅋ
행거 아래 바구니에는 맘껏 이용 가능한
자투리실도 준비되어 있습니다.
처음 나왔을 때 홀딱 반했던
에끌로드 스웨터도 원작 실로 작업한
작품이 벽면에 걸려 있어요.
역시나 알흠다워요 ㅎㅎㅎ
음료와 베이커리 메뉴
음료 메뉴는
아메리카노 3,800원
카페라테 4,300원
딸기라떼 5,300원
시그니처인 블루소다라떼
메론소다라떼 5,800원
샤머캣과 딸기는 파이와
케이크로 준비되어 있구요.
스트로베리 보틀 케이크는 매장에서는
고블렛에 든 떠먹는 형태로 나와요.
동그란 미니케이크도 있구요.
로투스 에스프레소, 레드벨벳,
초코퍼지, 리치치즈, 플레인 초코칩 등
쿠키 종류도 다양했어요.
휘낭시에와 비스코티도
여러 종류가 있었어요.
컨셉이 좋아서 멀리서 찾아온 곳인데
디저트류도 빵빵해서 대만족!
진짜 우리 동네에 있으면 좋겠다는 ㅜㅜ
주문한 메뉴
스트로베리 보틀 케이크 8,300원
따뜻한 카페라테 4,300원
실리콘 뚜껑도 함께 주시더라고요.
열뜨 하다 보면 실에서 털이 날릴 수
있으니 덮개를 따로 준비해 주셨어요.
역시 겨울엔 딸기 케이크가 최고!
우유가 들어있는 카페라떼와
함께 먹어도 느끼하지 않았어요.
크림이 정말 담백하고 딸기도 많고
부드럽고 달달하니 넘 맛있더라고요.
무얼 할 수 있나요?
서울 뜨개 카페에서 뜨개질 외에도
다양한 걸 할 수가 있는데요.
평소 궁금했던 서적도 챙겨 보고
물론 뜨개도 하고요 ㅎㅎ
이제 3볼 ㅋㅋ
겨울이 가기 전에 완성할 수
있을까 심히 걱정인 나의 베를린
실이나 바늘, 단추, 사장님이 여행 다니면서
직접 찍어온 사진엽서 구입도 가능합니다.
타래실을 감을 수도 있어요.
저도 하나 챙겨갔는데요.
세일 때 구입해서 와인딩 서비스
적용이 안되어 타래로 받아서
감기 참 난감했던 레이스얀
물레에 걸고 자동 와인더로 감았어요.
오~ 이거 짱짱짱 ㅋㅋㅋ
캬~ 역시 인간은 도구를 써야 해요
역시 장비빨! ㅋ ㅋ ㅋ
나랑 같이 낙성대역 카페 가실 분?
뜨개질 못 + 안 해도 되고요 ㅎㅎ
그냥 커피랑 디저트만 먹어도 됩니다
ㅋㅋㅋㅋㅋㅋ
#뜨개카페 #서울뜨개카페 #낙성대카페 #낙성대역카페 #딸기케이크맛집 #옐로우헤이트
m.blog.naver.com
50m
© NAVER Corp.
옐로우헤이트
서울특별시 관악구 행운6길 22 1층
#피드메이커
#딸기케이크맛집
#딸기디저트카페
#낙성대카페 #서울뜨개카페
저작자 명시 필수
영리적 사용 불가
내용 변경 불가
태그
#피드메이커
#딸기케이크맛집
#딸기디저트카페
#낙성대카페
#서울뜨개카페
공감 29
이 글에 공감한 블로거 열고 닫기
댓글 20
이 글에 댓글 단 블로거 열고 닫기
블로그 보내기
카페 보내기
Keep 보내기
메모 보내기
기타 보내기 펼치기





인쇄"
바늘이야기 연희점,서울특별시 서대문구 연희로11가길 15,37.5674563,126.9291304,"소리픽 핫플
감성 충전 100% 연희동 바늘이야기 방문기 – 뜨개카페의 정석
SORIOMIL ・ 2025. 4. 4. 11:00
URL 복사 이웃추가
본문 기타 기능
혹시 요즘 뭐에 푹 빠져 계신가요?
저는 요즘 지난 겨울부터 완전 뜨개질에 진심이에요
바늘 한 번 잡았다 하면 몇 시간이고 푹 빠져버리는
제 모습을 보며 취미 하나 잘 고르면 일상이
얼마나 윤택해질 수 있는지 새삼 느끼고 있답니다
오늘 소개할 핫플
그런데 단순히 실만 있다고 되는 게 아니더라고요
예쁜 실, 좋은 바늘, 다양한 부자재, 감성 충만한 공간까지...
그래서 제가 정말 애정하는 곳! 바로 오늘 소개할 '연희동 바늘이야기'에요
매장정보
서울 서대문구 연희로11가길 15
월~일요일 10:00 - 20:00
추석, 설 당일 휴무
무선 인터넷, 남/녀 화장실 구분, 주차불가, 단체석
50m
© NAVER Corp.
바늘이야기 연희점
서울특별시 서대문구 연희로11가길 15
뜨개질 좀 해봤다 하시는 분들이라면 한 번쯤은 들어보셨을 텐데요
오늘은 이곳의 모든 것을 진짜 솔직하게 알려드릴게요
뜨개템 쇼핑도 하고, 카페에서
감성 충전까지 가능한 연희동의 핫플!
바늘이야기는 유튜버 '바늘이야기 김대리'를 통해서
알게 된 곳인데요 김대리님 어머니가 뜨개 관련 가게를 하시던걸
김대리님이 이렇게 크게 키운 사업이라고 하더라구용
지하철 2호선 신촌역에서 버스를 타고 10분 정도면
도착할 수 있는 위치에 있어서 대중교통으로도
접근성이 꽤 좋아요 ㅎㅎ
설날과 추석 당일만 휴무라고 하니
웬만한 날엔 편하게 방문할 수 있겠죠?
다만 아쉽게도 매장 내에 주차 공간은 없답니당
내부 분위기 & 인테리어
이곳은 1층과 2층으로 나뉘어 있는데요
1층은 다양한 뜨개템이 가득한 쇼핑 공간이고
2층은 카페로 운영되고 있어요ㅎㅎ
먼저 1층 매장에 들어서면 진짜 놀랄 수밖에 없어요
벽면을 가득 채운 실들이 형형색색으로 정리되어 있는데
보는 것만으로도 힐링이 돼요
바늘이야기 작품들
재생
9
좋아요
0
00:06

접기/펴기
뜨린이에겐 너무 금손의 작품들
바늘, 단추, 라벨 등 부자재도 종류가 다양하고 퀄리티도 아주 좋아요
초보자들을 위한 패키지도 많아서 뜨개질을 처음
시작하시는 분들에게도 부담 없고요
저는 이곳에서 산 크림색 실로 간단한 파우치를 떴었는데
다들 어디서 샀냐고 물어보더라고요
저는 오늘 친구들이 제게 배우고 싶다고 해서
여러명과 함께 이곳을 방문해서 실과 바늘부터 샀어요
실제로 바늘이야기의 실은 온라인몰
'banul.co.kr'에서도 판매되고 있는데
연희점은 오프라인으로 직접 만지고 보고 살 수 있다는 게 가장 큰 장점이에요
2층에 올라가면 완전히 다른 분위기의 공간이 펼쳐져요
바로 '바늘카페'인데요 여기는 뜨개를 하며
커피도 마시고 수다도 떨 수 있는 아주 감성적인 공간이에요
테이블 사이 간격도 넓고, 조명이 따뜻해서 진짜 하루 종일 있고 싶을 정도예요
무엇보다도 이 공간에서는 직접 구매한 템들로
바로 활용해서 작업할 수 있다는 점! ㅎㅎ
카페라고 해서 커피 맛이 별로일 거라 생각했는데
의외로 제가 시킨 라떼가 고소하고 진했어요
이곳의 특별한 점
'바늘이야기 연희점'은 단순한 뜨개 용품점이 아니에요
저는 여기서 실도 사고, 뜨개도 하고, 커피도 마시고,
감성까지 충전하고 왔거든용 ><
이런 멀티플렉스형 카페가 많지는 않아서
뜨개질을 좋아하는 사람이라면 무조건 한 번은 가봐야 하는 곳이라고 생각해요
Next image
무엇보다도 혼자 와도 전혀 어색하지 않은 분위기라는 점!
요즘같이 혼자만의 시간을 중요하게 여기는 시대에
이런 공간이 있다는 건 참 고마운 일이죠
이곳에서 구매한 뜨개템과 실들로 다같이 처음만든
작품! 아직 완성하진 못했지만 나중에 집에가서
다들 파우치 하나씩은 만들었답니당 ㅎㅎ
개질을 몰라도 감성 충전이 필요한 분들에게도 강력 추천합니다
그리고 마지막으로! 온라인보다 오프라인에서
직접 만져보고 사는 게 훨씬 좋아요 ㅎㅎ
제가 그걸 이곳에서 매번 느끼고 있거든요
뜨개질 좋아하는 분들, 혹은 새로운 취미를 찾고
계신다면 꼭 한 번 연희동 바늘이야기를 방문해보세용!
저작자 명시 필수
영리적 사용 불가
내용 변경 불가
태그
#연희동데이트
#연희동카페
#연희동가볼만한곳
#서울데이트
#연희동소개팅
#연희동놀거리
#바늘이야기
#바늘이야기연희점
#뜨개카페
#서울뜨개카페
#연희동뜨개카페
공감 1
이 글에 공감한 블로거 열고 닫기
댓글 쓰기
이 글에 댓글 단 블로거 열고 닫기
블로그 보내기
카페 보내기
Keep 보내기
메모 보내기
기타 보내기 펼치기





인쇄"
솜솜뜨개,서울특별시 마포구 잔다리로9길 4-2 단독주택,37.5576087,126.9131481,"뜨개옥토언니 :D
망원동 뜨개샵 솜솜뜨개 뜨개실 사고 한강뷰 카페에서 뜨개질 하기
이매 ・ 2024. 5. 10. 13:10
URL 복사 이웃추가
본문 기타 기능
안녕하세요 :)
이매 입니다 ㅋㅋ
오늘은 얼마전 드디어 다녀온
망원동 뜨개샵 솜솜뜨개 방문 후기를
들고왔습니댜 - ㅋ
뜨개실 사고
한강뷰 카페에서 뜨개질까지
야무지게 하다왔는데요
뜨개샵만 다녀오긴
섭섭하쟈나쟈나..
실사가지고 카페도 꼭 들러보세요 ㅋㅋ
망원동 뜨개샵 솜솜뜨개
뜨개실 사고 한강뷰 카페에서 뜨개질 하기
망원동 뜨개샵 솜솜뜨개 위치
50m
© NAVER Corp.
솜솜뜨개
서울특별시 마포구 잔다리로9길 4-2 단독주택
예약
📌 위치
서울특별시 마포구 잔다리로9길 4-2 단독주택
🚗 주차
가게앞엔 주차공간 없음
🕙 영업시간
11:00 ~ 18:00
(매주 월요일 휴무)
📞 전화번호
070-8624-1881
이날 날이 너무좋아서
가면서 꽃구경도하고 ㅋㅋ
망원동 뜨개샵 솜솜뜨개 외관
드디어 도착한 솜솜뜨개!!!
뭔가 귀여운 가정집외관의
솜솜뜨개
귀요운 솜솜뜨개 간판 ㅋㅋ
망원동 뜨개샵 솜솜뜨개 내부
사진으로만 봤던 콘사들이 즐비한 벽 ㅋㅋ
전시되어있던 니트들
모두 솜솜뜨개실로 뜬거같다 ㅋㅋ
거울존에서 인증샷도 한컷찍고 ㅋㅋ
귀여운소품들부터 구경 ㅋㅋ
이제곧 여름인데 슬리퍼 너무뜨고싶다 ㅋㅋㅋ
짱귀..
이런식으로 니트마다
어떤실 몇합으로 떳는지
몇그람이 들어갔는지
게이지 정보가 적혀져있다
이뻐서 찍어옴..ㅋㅋ
(사장님께 촬영허락을 받았댜)
각실의 스와치들이 모아져있었고
만져보면서 고민을한참했다 ㅋㅋ
계절별 실끼리 모아져있는것같았고
솜솜뜨개 웹사이트에는 품절인데
매장에는 있는 색상도있었다!!!
여쭤보니, 입고후 업로드까지
시간이 걸리기때문에
웹사이트와 재고차이가 있을수있다고!!
떠보고싶은실이 한바가지
오왕..
아직 뜨린이라
저실까진 못건디리겠다 ㅋㅋㅋ
귀여운 라벨덜과
단추, 부자재덜
곱다고와 ㅋㅋ
하늘아래 같은 아이보리는 없다더니(?) ㅋㅋㅋ
베이지 성애자로써
너무 맘에드는 컬러덜 ㅋㅋㅋ
콘사는 처음사봐서
대혼돈이였지만..
마냥 이쁨 ㅋㅋㅋ
바늘도 있었고
내가 마지막까지 고민했던
어푸 블랙과
젤라비 네이비 ㅋㅋ
콘사를 처음써봐서
도무지 모르겠어가지고
사장님께 도안보여드리면서
조언을 구했더니
마침(?)
그도안을 두실로 떠보셨고
사진보여주시면서
어떤 장단점이 있었는지
설명해주셔서
추천실로 결정!! ㅋㅋㅋㅋ
데스트니...
아쉽지만 마지막으로 한바꾸 둘러보고
미리 찍어둔
한강뷰 카페로 고고싱!!!!
걸어가기엔 거리가좀 있어서
마을버스를 타고 갔다 ㅋㅋ
한강뷰 카페, 스타벅스 망원한강공원점 위치
한강뷰 카페 가서 뜨개질 하기, 뜨개카페 추천
50m
© NAVER Corp.
스타벅스 망원한강공원점
서울특별시 마포구 마포나루길 407
예약
스타벅스 망원한강공원점
한강뷰 카페에서 뜨개질 하기
뷰가 미쳤다리..
그냥 집에가긴 아쉬워서
뜨개질좀 하다가려고
뜨개질거리도 가져와따 ㅋㅋㅋ
좋은자리가 다차서
주문해놓고 매의눈으로
자리를 노린댜
날씨가 다했댜..
후후후..
자리겟
명당이댜 ㅋㅋ
사온실 언박싱(?)
2합으로 뜨려고
젤리비 네이비 2볼 사옴!!
콘사를 떠본적이없어서
솜솜뜨개 사이트에서 실을봐도
다 예뻐만 보이고
감이안왔는데.. 매장으로 가길 정말 잘한듯!!
사장님도 너무 좋으시고
저같은 초보는 가서 여쭤보고 실고르는게
좋을것같아요!
실특성에대해서도 설명해주셔서
제가 뜨려는 도안이랑 생각해서
실을 고를때 도움이되어따!!
빨리뜨고싶댜...
쿠키랑 커피한잔 시켜두고
뜨개질 타임!!
이건 전에 올렸던
바늘이야기 연희점에서 사온실로 ㅋㅋ
남편 니트뜨는중인데
이제 오른팔 다뜨고
왼팔뜨고있다 ㅋㅋㅋ
이번주에 마무리 가능할듯...
진짜 드럽게 커가지고 ㅋㅋㅋ
하.. 남자옷은 당분간 안뜬다
이날 햇살바라보면서
한참 뜨개뜨개 하다왔는데
넘좋더란...
시간가는줄모르고 뜨다왔댜
이날 몸통 마무리 짓고옴ㅋㅋ
망원동 뜨개샵 솜솜뜨개 총정리
초보자는 직접가서 고르는게 좋을듯하다.
사장님이 친절하게 설명잘해주심
근처 한강뷰 카페도 꼭들르기 (스타벅스 망원한강공원점)
솜솜뜨개 온라인샵에 없는색도 매장에 있었지롱
멀지만.. 또구경가야지 (그만사)
망원동 뜨개샵 솜솜뜨개
뜨개실 사고 한강뷰 카페에서 뜨개질 하기
< 근처 가볼만한 뜨개샵 >
뜨개카페 바늘이야기 연희점 뜨개실 고르는 꿀팁과 주차정보
요새 제가 뜨개질에 푸욱- 빠져있는데요 바늘이야기 연희점 & 파주점을 총 3번 다녀와본후 ㅋㅋㅋ 이제...
blog.naver.com
저작자 명시 필수
영리적 사용 불가
내용 변경 불가
태그
#망원동뜨개샵
#망원동뜨개실
#망원동솜솜뜨개
#솜솜뜨개
#솜솜뜨개젤라비
#솜솜뜨개망원동
#솜솜뜨개매장
#망원동뜨개질
#망원동뜨개카페
#뜨개카페
#뜨개질
#뜨개질카페
#서울뜨개실
#뜨개실파는곳
#뜨개실쇼핑몰
#뜨개실
#솜솜뜨개콘사
공감 19
이 글에 공감한 블로거 열고 닫기
댓글 9
이 글에 댓글 단 블로거 열고 닫기
블로그 보내기
카페 보내기
Keep 보내기
메모 보내기
기타 보내기 펼치기





인쇄"
에이하 커피,경기도 의왕시 계원대학로 25 1층 110호,37.3798625,126.9743904,"맛 집
의왕 뜨개카페 에이하커피
봄날의양 ・ 2024. 12. 9. 12:42
URL 복사 이웃추가
본문 기타 기능
:: 의왕 내손동 에이하커피, 에이하 손뜨개, 붕어빵 파는 카페
뜨개카페 가보고 싶었는데 먼 곳만 생각했지 가까이에서 찾아볼 생각을 못했다
아이가 일주일에 한 번, 경기이룸학교를 안양 농수산물시장으로 다니면서 근처에서 아이 기다리는 시간에 내가 있을 곳을 찾아봤는데 뜨개카페가 있더라
계원대학로 예술의 거리에 있는 에이하 커피
롯데마트 의왕점에서 내가 자주 가는 투썸플레이스 계원예술대점으로 걸아가는 길 중간쯤에 있는데 그동안 여러 번 지나면서도 미처 못 봤다
아예 못 본 건 아니고 걸어가면서 1층만 보고 작은 테이크아웃 카페라 생각하고 그냥 지나쳤다
1층만 보면 보통 카페 같은데 2층을 보면 뜨개카페다
시선을 넓게 봐야하는데 1층의 작은 출입구만 보고 실체를 몰랐음
그나마 경기이룸학교 끝나기 전에 알게 되어 가봤으니 다행 :)
에이하커피는 뜨개카페이면서 붕어빵 맛집이다
난 카페에서 붕어빵 파는 건 처음 봄
커피와 스페셜티 커피가 따로 있다
스페셜이 더 비싼데 상위 10% 엄선된 생두로 로스팅한 커피란다
난 커피를 안 마셔서 따뜻한 자색고구마라떼와 아이는 수박주스, 붕어빵을 주문했다
주문하고 기다리면서 1층을 둘러봤다
입구부터 아기자기하고 귀여운 뜨개소품들이 눈길을 사로잡았다
""어머, 이것 좀 봐. 너무 귀여워!""란 소리가 계속 나옴
손뜨개 작품들은 판매하기도 하고 사장님께 뜨는 법을 배울 수도 있다
뜨개실 같은 재료도 구입 가능
밖에서 봤을 땐 카페입구가 좁아서 내부도 작을 거라 생각했는데 들어와보니 안쪽으로 깊어서 생각보다 공간이 넓다
바닥에 인조잔디를 깔고 캠핑의자를 놓아 야외분위기 나는 테이블
이 자리가 예뻐서 여기 앉을까 하다가 2층도 보고 싶어서 올라갔다
2층으로 올라가는 좁은 계단이 오른쪽에 있다
2층은 이런 모습
이 자리는 뜨개모임하기 좋을 거 같다
녹색 가벽이 있어서 뒷공간을 보니
사장님 작업공간인가 싶었다
유튜브 방송이나 촬영하는 장비도 있다
우리는 폭식한 소파자리에 앉았다
뒤에 큰 모티브 블랭킷이 있어 사진이 예쁘게 나오는 자리다
음료가 먼저 나오고 붕어빵은 굽는 데 시간이 걸린다고 좀 더 늦게 나왔다
가을부터 나는 고구마라떼 맛에 빠져있다
원래도 고구마를 좋아하는데 고구마라떼의 구수하고 달고 부드러운 맛이 좋다
너무 맛있어서 한 잔을 금방 마시는데 그동안 여러 카페에서 고구마라떼를 마셔봤지만 거의 같은 맛이었다
그래서 에이하커피에서도 자색고구마를 시켰는데 자색고구마는 맛이 좀 다르더라
붕어빵은 팥이 들었는데 천 원
길거리 붕어빵보다 쫄깃한 맛이다
크기가 커서 아이랑 반씩 나눠 먹었는데 안에 팥도 가득 들었고 맛있다
50m
© NAVER Corp.
에이하 커피
경기도 의왕시 계원대학로 25 1층 110호
예약
저작자 명시 필수
영리적 사용 불가
내용 변경 불가
태그
#의왕계원대학로카페
#의왕예술의거리카페
#계원대학로예술의거리카페
#의왕손뜨개카페
#의왕뜨개카페
#의왕붕어빵
#의왕붕어빵카페
#자색고구마라떼
공감 10
이 글에 공감한 블로거 열고 닫기
댓글 1
이 글에 댓글 단 블로거 열고 닫기
블로그 보내기
카페 보내기
Keep 보내기
메모 보내기
기타 보내기 펼치기





인쇄"
누뗀,서울특별시 서초구 청계산로 119 지하1층~2층,37.4537511,127.05127,"카페 투어
청계산 입구역 뜨개 용품을 파는 카페 누뗀
휴일 ・ 2025. 7. 21. 7:00
URL 복사 이웃추가
본문 기타 기능
서울에 주차가 가능한 뜨개 카페가 있다고 해서
뜨개 거리 들고 가봤다.
50m
© NAVER Corp.
누뗀
서울특별시 서초구 청계산로 119 지하1층~2층
예약
매일 10:30 ~ 19:00
화장실 내부
주차 길 건너 가능
차 타고 지나가면 지나치기 쉬움
게다가 앞에 주차가 아니라 가게 길 건너
이곳에 주차를 해야 한다.
지나쳐서 한 바퀴 돌고 다시 왔음.
주차하는 곳에 아무 표시가 없어서
가게 들어가 주차 길 건너에 하는 거 맞냐고 물으니
맞다고 함
가게 옆 야외 자리가 있지만
타들어가기 딱 좋으니
여름엔 저렇게 천으로 덮어두시는 듯
들어가 봅시당
메뉴판!
나름 다양한 메뉴를 판매 중이다.
식사가 될만한 샌드위치, 빵 디저트류가 있는데
메뉴판 옆에서 실물을 보고 고를 수 있어서 좋다.
1층은 뜨개 용품과 테이블이 있고
2층은 테이블만 있다.
1층에 있는 이곳이 포토스팟인줄알았는데
사람이 많아지니 이곳도, 컨셉샷 찍으라는 공간인 줄 알았는데 흔들의자에도 사람이 않더라 ^^;;;
1층에서 그. 나. 마. 넓은 테이블은 이곳 한 곳...
근데 이마저도 예약 손님들 자리임
2층도 테이블이 있지만
3인 이상이나 1시간 제한석이 많다.
2층에 있는 저 쇼파 사이에 있는 작은 나무가 테이블임.
엥? 음료 다 쏟을 듯
대충 1층에 자리 잡고 잠봉 2+커피세트 먹음
진동벨이 없어서 직원들이 음식이 나오면 음식명을 외친다.
가져다주는 것도 아니고 ㅋㅋㅋㅋㅋㅋㅋㅋㅋㅋ
진동벨도 없고 ㅋㅋㅋㅋㅋㅋㅋㅋㅋ
천장에 말소리는 웅웅 울리고
규모가 크지 않은데 손님은 엄청 많이 몰려온다.
차분하게 뜨개를 할 수 있을 수가 없음. 그래도 했다.
콘사까지 챙겨가지고 ㅋㅋㅋㅋㅋ
방문객이 뜨개 하는 사람뿐 아니라 근처 청계산 놀러 온 어르신들도 많아서 뭔가 시장통 같음.
그럼에도 곳곳에 뜨개 용품, 뜨개 작품 구경하기 좋았다.
이건 화장실 옆에 있는 뜨개 작품. 귀여웡
재방문은 글쎄;;
근교 대형카페 가서 뜨개 하는 게 제일 낫다는 결론...
#청계산누뗀 #청계산입구역카페 #카페누뗀 #누뗀 #뜨개카페누뗀 #뜨개카페
태그
#청계산누뗀
#청계산입구역카페
#카페누뗀
#누뗀
#뜨개카페누뗀
#뜨개카페
공감
이 글에 공감한 블로거 열고 닫기
댓글 쓰기
이 글에 댓글 단 블로거 열고 닫기
Keep 보내기
메모 보내기
기타 보내기 펼치기





인쇄"
누뗀,서울특별시 서초구 청계산로 119 지하1층~2층,37.4537511,127.05127,"365그림일기
청계산입구 애견동반 뜨개사계절 빈티지 뜨개 카페 ‘누뗀’
뚠뚠 ・ 2024. 11. 26. 20:31
URL 복사 이웃추가
본문 기타 기능
위치누뗀
청계산 입구 뜨개 카페 ‘누뗀’
뜨개인들을 위한 천국,,
서울에 위치한 너무 예쁜 빈티지 뜨개 카페
심지어 애견동반도 가능하다. 최고다 최고
서울이긴 하나 청계산 입구라 조금 내려와야하지만
충분히 찾아올 가치가 있다!!
주차도 앞 공터에 편하게 할 수 있어서
오래 앉아서 뜨개질하는데 전혀 걱정이 없음
주차는 여기
카페 바로 맞은편 공터 주차장
온 사방 구석구석이 다 너무 예뻐서 눈돌아갑니다
창 밖도 다 초록초록해서 너무너무 맘에든다..
이 카페
맛있는 휘낭시에도 있음
멍푸치노도 팔고 있어서 1잔 구매 시 애견동반 가능!
뜨개사계절에서 판매하고 있는 패키지 완성품들이 진열되어있는데
완성품 판매도 하시는 것 같다!
완성품은 물론 패키지 실 바늘 부자재 다 팔고 있어서
여기와서 구매 후 자리잡고 떠도 된다..!
온라인에 올라와있던 것 실물도 다 볼 수 있어서 너무 좋았음ㅎㅎ
⬇️⬇️ 뜨개사계절 스마트스토어 ⬇️⬇️
뜨개사계절 : 네이버 스마트스토어
실용적인 손뜨개 DIY 패키지를 판매합니다
naver.me
나도 실물보고 가방 패키지 하나 구매해버렸다 ㅎ..ㅎ
근데 포장을 진짜 예쁘게 해주신다.
내돈 주고 샀지만 선물 받은 느낌스
가격은 온라인이랑 동일함!
사람들이 있어서 사진은 못찍었지만
1-2층 다 사용하는 구옥 개조 카페다보니 자리도 넉넉하다!
2층도 예쁜 자리 많음
테라스 자리도 있어서 날씨 좋을 때는
여기서 뜨개해도 너무 좋겠다,,
위치도 좋고 카페 자체가 너무 예뻐서
꼭 뜨개질 하러 오는거 아니고도 많이 오는 것 같다
귀여운 강아지들도 많이보고 친구랑 뜨개도 하고 행복해따
또간다..
📍누뗀
서울 서초구 청계산로 119
영업시간 10:30 ~ 19:00 (라스트오더 18:30)
*주차 가능* 맞은편 공터 혹은 청계산로 9길 1-15 공영주차장)
*애견동반 가능* 멍푸치노 주문 필수
_누뗀(@__nutten) • Instagram 사진 및 동영상
팔로워 15K명, 팔로잉 1명, 게시물 105개 - _누뗀(@__nutten)님의 Instagram 사진 및 동영상 보기
www.instagram.com
50m
© NAVER Corp.
누뗀
서울특별시 서초구 청계산로 119 지하1층~2층
예약
태그
#누뗀
#청계산카페
#서울뜨개카페
#뜨개질
#니팅카페
#뜨개사계절
#청계산입구카페
#애견동반카페
#서초카페
#서초뜨개카페
공감 10
이 글에 공감한 블로거 열고 닫기
댓글 7
이 글에 댓글 단 블로거 열고 닫기
블로그 보내기
카페 보내기
Keep 보내기
메모 보내기
기타 보내기 펼치기





인쇄"
누뗀,서울특별시 서초구 청계산로 119 지하1층~2층,37.4537511,127.05127,"서울
청계산 감성_뜨개카페 ‘누뗀’ 방문기
라토비 ・ 2025. 5. 29. 17:09
URL 복사 이웃추가
본문 기타 기능
위치누뗀
영업 마감 시간이 꽤 빠른 편이라
평일엔 도저히 시간이 안 맞을 것 같아
며칠을 고민하다가 드디어 다녀온 청계산 뜨개카페
‘누뗀’🧶
뜨개카페
누뗀
📍 서울 서초구 청계산로 119
🚇 청계산 입구역 2번출구
🚗 주차는 매장 앞 쪽 공터
⏰ 영업시간 10:30 ~ 19:00 (라스트오더 18:30)
🚫 매주 수요일 휴무
누뗀은 일반 상가 건물 느낌이 아니라,
단독 주택을 개조한 형태라서
전체적으로 굉장히 프라이빗하고 아늑한 분위기예요.
누뗀은 외관부터 딱 감성이에요.
하얀색 외벽에 따뜻한 느낌의 원목문,
심플하면서도 분위기 있는 조합이라
입구 앞에만 서도 정말 예쁜 분위기가 연출돼요.
특히 날씨 좋은 날
햇살 가득한 그 자리에서 한 컷 찍으면
인생사진 하나쯤은 무조건 건질 수 있는 포토존
누뗀은 무엇보다 야외 테라스가 참 매력적인데요,
날씨 좋은 날이면 장미꽃 향기 살랑이는 테라스에 앉아
커피 한 잔과 함께 실을 감는 그 시간이,
그냥 하루의 피로를 녹여주는 뜨개질을 하는데 그렇게 힐링일 수가 없어요
각 공간이 분리되어 있어서
혼자 조용히 작업하기에도,
지인과 도란도란 이야기 나누기에도 딱 좋아요.
테이블 간 간격 넉넉해서 도안 펼치기 좋고
손등에 햇살 스치는 창가 자리 완벽하고
조명도 눈 피로 없이 따뜻하게 밝아요
1층, 2층, 그리고 야외 테라스까지 좌석이 다양하게 마련돼 있어요. 주말 낮 시간에 갔는데도 전반적으로 여유 있는 분위기였고,
특히 2층은 좀 더 조용하고 아늑한 느낌이라
혼자 작업하기 좋은 자리 같았고,
테라스는 날씨 좋을 땐 무조건 나가야 하는 포인트🌿
가게 한 쪽에 준비된 뜨개질 도구들과
벽에 빼곡하게 걸린 실들이
그 자체로 하나의 인테리어처럼 느껴져요.
매장 안쪽에는 완성작들이 진열돼 있어서
그 자리에서 바로 키트 구매도 가능했는데요,
마음에 쏙 드는 가방이 하나 있었지만…
지금 뜨고 있는 가방이랑 비슷한 느낌이라 패스ㅜㅜ
-주문한 메뉴-
✔ 잠봉뵈르 2인 세트 (26,000원)
✔ 어니언스프 (추가 주문)
잠봉뵈르 + 아이스 아메리카노 세트 (13,500원)
고소한 바게트 안에 햄과 버터가 듬뿍 들어 있어
심플하지만 꽤 든든하게 즐길 수 있는 메뉴였어요.
2인 세트로 주문하면 26,000원으로 조금 더 저렴하게 즐길 수 있고,
뜨개하다 출출할 때 먹기 딱 좋은 구성이에요.
추가로 주문한 어니언 스프도 인상적이었는데,
진한 국물 안에 바게트가 푹 담겨 있어
그 자체로 한 끼 느낌이었어요.
날씨 맑은 날, 야외 테라스에서 시간 보내는 걸 강력 추천드려요! 테라스 주변엔 장미가 한창이라
앉아만 있어도 은은하게 퍼지는 장미 향이 정말 기분 좋아요.
이 날은 뜨개 친구와 함께 가서
각자 뜨고있던 가방을 나란히 뜨기 시작했어요.
집에서는 중간중간 딴짓도 하고,
집중력이 흐트러질 때가 많은데
누뗀에서는 신기하게도
수다 떨면서도 손이 계속 움직이는 거 있죠?
어느새 실 한 타래를 거의 다 쓰고,
가방 절반 가까이 완성했을 때
""와, 이래서 작업 공간이 중요하구나"" 싶었어요.
뜨개를 좋아하는 사람이라면
‘한 번쯤 꼭 들러보고 싶은 아틀리에’ 같은 공간인거 같아요
50m
© NAVER Corp.
누뗀
서울특별시 서초구 청계산로 119 지하1층~2층
예약
저작자 명시 필수
영리적 사용 불가
내용 변경 불가
태그
#청계산카페
#청계카페
#누뗀
#뜨개카페
#청계산감성카페
#청계산입구역카페
#청계산누뗀
공감 12
이 글에 공감한 블로거 열고 닫기
댓글 5
이 글에 댓글 단 블로거 열고 닫기
블로그 보내기
카페 보내기
Keep 보내기
메모 보내기
기타 보내기 펼치기





인쇄"
옐로우헤이트,서울특별시 관악구 행운6길 22 1층,37.4806707,126.9609454,"냠냠♩ 맛집리뷰✎
[관악] 낙성대입구 관악구 신상 서울 뜨개카페 추천 옐로우헤이트
후츄 ・ 2024. 10. 5. 22:25
URL 복사 이웃추가
본문 기타 기능
위치옐로우헤이트
낙성대입구 관악구 서울 뜨개카페
옐로우헤이트
Seoul, Gwanak
50m
© NAVER Corp.
옐로우헤이트
서울특별시 관악구 행운6길 22 1층
📍영업시간
매일 10:00 - 20:00
매주 화요일 휴무
이외 휴무 인스타그램 참고
📍연락처
02-882-1361
옐로우헤이트(@yellow_hate_) • Instagram 사진 및 동영상
팔로워 719명, 팔로잉 1명, 게시물 32개 - 옐로우헤이트(@yellow_hate_)님의 Instagram 사진 및 동영상 보기
www.instagram.com
📍위치 및 특징
✨ 2호선 낙성대입구역 5번출구 도보 10분
✨ 관악중학교 앞에 위치한 신상 서울 뜨개카페
✨ 방문 전 인스타그램으로 잔여좌석 확인 추천
✨ 뜨개에 진심인 사장님이 오픈하신 신상 커피집
✨ 고소한 커피와 다양한 디저트가 맛있는 곳
✨ 비스코티와 초콜릿머드 파이 완전 추천 또 추천
✨ 얀홀더, 물레, 바늘, 전동와인더, 먼지제거기 등
뜨개에 필요한 모든 용품과 도서가 구비되어있어요
✨ 몇가지 실과 단추 등 부자재도 구매 가능!
✨ 건물 내 남/녀 구분 화장실
어어 난데 요즘 니터들 다 옐로우헤이트 간다
그런데? 제가 빠질 수 있나요?
(안빠지면 어쩔 것인지는 나중에 얘기해요)
오후랑 손잡고 룰루랄라 다녀온 귀하디 귀한
서울 신상 뜨개카페 옐로우헤이트 집중 탐방
관악구 뜨개카페로 요즘 알을알음 핫한
옐로우헤이트는 낙성대입구 지하철역에서
도보 10분 내외 거리에 위치해있는데요
전 사실 친숙한 동네가 아니라 몰랐는데
동네 주민들에겐 관악중학교 앞이라고 하면
바로 찰떡콩떡으로 알아들을 것 같은 늑김ㅋ
생긴지 얼마 되지 않은 신상카페라고 합니다
요즘 니터들 사이에서 입소문이 돌고
인증샷도 돌고 너도나도 가는듯한 뜨개카페
근데 그럴만한게 바늘이야기를 제외하면
앉아서 대놓고 뜨개를 할 수 있는 공간은..흠..
별로 많지 않기때문일 것이에요 아마도요
옐로우헤이트는 관악구 동네 카페로치면
상당히 넓은 편이라고도 볼 수 있지만
뜨개하는 사람들이 많이 들리는 곳이기도해서
회전율이 그닥 높은 편은 아니기때문에(!)
좌석이 살짝 부족하게 느껴질 수도 있겠어요
저는 평일 점심시간 지나서 방문해도 자리가
애매하게 남아서 사장님이 다른좌석 치워주심🥹
이 부분에서 짚고 넘어갈 것은...
뜨개하시는 사장님 너무너무나 친절하시다
낙성대입구 분위기좋은 뜨개카페
옐로우헤이트 메뉴 가격
✨ 아메리카노 \3,800
✨ 카페라떼 \4,300
✨ 연유크림라떼 \4,800
✨ 아이스크림라떼 \5,300
✨ 아인슈페너 \5,300
✨ 딸기요거스무디 \5,800
✨ 오트밀크 변경 무료
그런고로(?) 부랴부랴 자리를 잡은 뒤에
커피를 주문하러 카운터로 가봅니다 벅뚜벅뚜
솔직히 고백하자면 뜨개카페라고 하면
아메리카노 달랑 한잔만 팔아도 된다고 생각함
그냥.. 제 마음이 그래요...
하지만 내 맘과 다르게 메뉴가 상당히 다양한 편
근데 사장님 진짜 가격 좀 올리셔도 될듯해요
커피 가격 너무나 저렴하고ㅠ 이래도되나ㅠ
✨ 피칸파이 \6,300
✨ 비스코티 \2,800 - \3,300
✨ 레몬파운드 \3,300
✨ 쿠키 \4,300
그리고 옐로우헤이트의 대박인 점은
디저트메뉴가 상당히 본격적이라는 점인데요
제가 비스코티를 진짜진짜진짜 좋아하는데
이렇게 종류별로 구비된 곳은 오랜만에 봐요
쿠키도 다양해서 선택지가 넓은 편이고요?
✨ 카라멜피칸 비스코티 \3,300
✨ 현미말차 비스코티 \3,300
✨ 초코오렌지 비스코티 \3,300
✨ 통밀살구 비스코티 \2,800
뒤늦게 발견한 피칸파이도 너무나 맛있어보이고
무엇보다 디저트를 아주 위생적으로 보관중임ㅋ
흠 저 개인적으로 비스코티 너무 맛있어서
집에 가기 전 포장한다는걸 까먹었습니다
그렇다면 다음번에 다시 방문해야만 한단 뜻..?
더불어 쇼케이스 위에 있는 피규어도
너무 귀여움 어떻게 가게 안의 모든 소품이
뜨개에 관련될 수가 있단 말임? 고양이도?
✨ 초콜릿머드 파이 \6,300
✨ 펌킨파이 \6,300
✨ 말차가나슈 쿠키 \4,300
✨ 레드벨벳크림치즈 쿠키 \4,300
아 그리고 제가 진짜 강추하는 디저트는 이거
펌킨파이랑 고민하고있었는데 같이간 오후가
초콜릿 먹고싶대서 속는셈치고 주문했는데;;
이거 안에.. 으읍.. 밑에서 얘기할래요(갑자기)
하여튼 진짜 대박 맛있다는 사실만 알아둬요
휴 주문을 마쳤으면 옐로우헤이트
카페 인테리어를 본격 탐구해봐야만 함
왜냐면 남들 사진 올릴때 너무 부러웠어요
카페 구조는 제가 기억하는 선에서 써보자면
창가 벽면을 바라보는 3인석, 4인석
2인석 4개, 6인석 단체테이블 1개
이렇게가 되겠군요 그렇게 많은 편은 아니죠?
동네카페면 많은 편인데 아무래도 서울 뜨개카페
탐험오는 니터들은.. 궁뎅이가 무겁기 때문이야;;
근데 저 앉아야되니까 좀 비켜주시궛어요..?
단체석이 있는 카페 한켠에는
사장님이 만드신듯한 편물도 전시되어 있고
하단에 (저는 못봤지만) 자투리실도 있어요!
사진은.. 어떤 분이 전동와인더랑 물레를
야무지게 쓰고계시길래 도촬함 미안합니다...
하지만 색이 너무 예뻐서 그랬어요..^^
참고로 한쪽 벽면은 엽서로 가득한데
이거 다 매장에서 구매 가능한 엽서임!!!!
아마 사장님이 직접 찍으신 것들이 아닐지
합리적 의심(?)이 듭니다 왜냐하면~~~
익숙한 눅ㅇ ㅏ바닛츠가 보여
왠지 여기서 확신이 들었답니다 우하하
엽서는 장 당 1,000원 가격인데
5장사면 1장이 뽀나스로 달려온대요
내친김에 이 뜨개카페를 좀 더 구경하자면
매장 이곳 저곳에서 사장님의 야무진 손길과
세심한 센스를 엿볼 수 있어요 진짜루~~~!
우선 밑에 있는 타래상점과 52주 시리즈 책 보시면
매장 내에서 무한대로 돌려볼 수 있고요??
각종 얀홀더와 코바늘, 단수링, 줄자, 시침핀
가위, 전동와인더, 물레, 뜨개바구니 등
걍 뜨개에 필요한 모든 아이템 무료 이용가능
전 이게 진짜 한몫 했다고 봐요 진짜 대박임ㅋ
어느 뜨개카페를 가도 이런건 없다 이말이야
(사실 다른데 별로 안가봤어요 미안합니다)
꽈배기바늘도 있고 이제 보니까
스티치 홀더까지 야무지게 구비되어있네요
코바늘도 사이즈별로 구비되어 있어서
가볍게 소품뜨기에도 너무 좋을 것 같아
그 외에 홀스트간, 이사거, 다루마 등
실도 몇가지 구매할 수 있는 것 같았어요
가격표는 밑에 붙어있는 것도 있고
제 눈으로 확인하지 못한 것도 있는데
문의하면 친절한 사장님이 알려주실 것!
그 아래엔 LP판이 셋팅되어 있고요
귀여운 나코 미니실이랑 뜨다만 편물이
감성에 감성을 더해주고 있었ㄸ ㅏ는..
근데 나코 미니실 대박 귀욥다;;;;
보빈은 써본 적도 쓸 일도 없는데 저렇게
셋팅해두니까 하나 갖고싶은거 있죠...?
그리고 이건 사장님 개인소작 애착 실!
구경만 하는데도 헤엑 소리가 절로 나옴
사장님 뜨개 오래하셨다더니 세상에 있는
모든 실을 수집하는 취미가 있으신듯했따
당욘히 아니겠지.. 하지만 진짜많았음😇
이날은 평일인데도 사람이 너무많아서
매장을 아주 잠깐잠깐씩 둘러보았는데
처음부터 끝까지 감탄이 나온 이유 중의 하나는
구석구석 야무지게 뜨개에 필요한 용품들이
구비되어 있다는 거였다ㅠ 뜨개 할때뿐만 아니라
다 하고 먼지도 털으라고 먼지제거기도 있고
귀여운 하트 단추도 구매할 수 있었지 뭡니까
개인적으로 하트모양 단추 증말 좋아해서
뭘 사야하나 고민하고 있으려니 사장님께서
다음번에 다양한 컬러 들어올거라고 하셔서
재방문 핑계를 댈 수 있게 되었답니다 ^.^
✨ 아메리카노 \3,800
아 그리고 구경만 한거 아니고 커피먹음
당연함.. 음료를 시켜야 뜨개를 할거아냐
한눈에 보기에도 고소해보이는 커피 등장
솔직히 가격만 비싸고 커피 쥐콩만큼주는
인슷따 감성 카페 더럽게 많은데
옐로우헤이트는 커피 가격도 저렴하고
인심까지 넉넉함.. 이걸 어쩌면 좋아;;;;;
그리고 대박인 점 또 있읍니다
뜨개할때 털 날리지 말라고 뚜껑도 줌
이게 사랑이 아니면 몬데
뜨개 해본 사람이 아니면 모르는
바이브를 사장님이 갖고 계시다고
참고로 커피는 산미 없이 고소하고
제법 묵직한 편에 속하는 원두였는데
저의 마음에 쏙 들었습니다 넘 괜찮았어요
다음번엔 아인슈페너 도전해보려고요ㅋ
창가자리에 앉아서 하늘이 넘 예쁘길래
감탄중이었는데ㅋ 옆에 앉아있던 오후가
앞에 베란다에서 맞뜨개하면 그림 웃기겠다
라고 함.. 사람을 우습게 만들겠다 그런뜻이야?ㅠ
그녀가 웃으면서 머락오 변명을 했지만
그냥 사람 우습게 만들었을 뿐이라고요ㅋ
별별 농담을 다하며 카페뜨개하기
이 시간이 참 조아.. 그런데 이제 문제는
바텀업 래글런 뜨는중이라 한 단 뜨는데에
너무 많은 시간이 소요되어 지친다는 점일까
살
려
조
요
뜨개만 하면 당딸리니까
디저트 뿌시러 가볼게요
사실 밥먹고 온거라 배불러서
첨엔 생각도 못했는데;;;
역시 뜨개를 하면 단게 땡긴다
✨ 초콜릿머드 파이 \6,300
✨ 초코오렌지 비스코티 \3,300
제가 주문한건 초콜릿머드 파이랑
도저히 지나칠 수가 없었던 비스코티
그 중에서도 초코오렌지를 골라봤어요
사실 이거 모든 테이블에서 하나씩
먹고있길래 도대체 무슨맛일까 궁금해서
시켜본 것도 있는데..! 진짜 맛있었음
밑에가 브라우니가 아니라 초코 가나슈라
꾸덕꾸덕한데 위에 머랭생크림같은게
폭신폭신하니 조화롭고 맛있더라고요ㅠ
털이 이렇게 날리는 주변 환경인데
커피만 뚜껑닫고 디저트는 대충 먹기
솔직히 평소엔 커피 뚜껑도 안닫고 먹음
머랭과 브라우니 조합인줄 알았는데
말 그대로 초코. 머드. 파이였던 건에 대하여
진짜 맛있어서 비법 훔치고싶ㄷ ㅏ....
집에 포장해가고 싶을 정도로 맛있었어요
나 왜 관악구 주민 아니야? 너무 슬퍼
함께한 비스코티는 진짜 말 그대로
쌉싸름한 초코 베이스에 오렌지 칩이 콕콕박혀
한데 어우러진 멋진 맛이었읍니다
이거는 진짜 포장해가려고 생각했는데!!!
까먹음.. 그럼 다음번에 또 와야겠지요?ㅎ
관악구 낙성대입구 서울 신상 뜨개카페 옐로우헤이트
재생
18
좋아요
0
00:36

접기/펴기
옐로우헤이트 안가본사람 누구니
솔직히 좀 더 빨리 방문했어야했는데
집이랑 정 반대방향이라 너무나 귀찮았어요
근데 좀 초반에 자주 방문할걸 후회가 됩니다
앞으로 친구들 데리고 종종 방문할 예정
참고로 카페 인스타그램 계정으로 dm보내서
방문 전 자리 확인 가능하다고 하니까
주말이나 평일 점심 등 사람 많을 것 같을때엔
미리 연락해서 확인하고 방문하시는거 추천해요!
태그
#옐로우헤이트
#옐로우헤이트카페
#뜨개카페
#서울뜨개카페
#뜨개카페추천
#서울뜨개실
#서울뜨개
#관악구뜨개카페
#관악구카페
#관악구디저트카페
#낙성대입구카페
#낙성대입구카페추천
#yellowhate
공감 53
이 글에 공감한 블로거 열고 닫기
댓글 26
이 글에 댓글 단 블로거 열고 닫기
블로그 보내기
카페 보내기
Keep 보내기
메모 보내기
기타 보내기 펼치기





인쇄"
